8243
6 13 3 79286 2.000034124
15 88 3 1610569 2.000034774
84 86 3 1238 2.000037592
37 6 3 2749353 2.000053458
80 83 3 1151 2.000058599
51 37 3 9541 2.000060953
38 89 3 6737 2.000061822
40 51 3 5905 2.000062988
7 77 3 11929 2.000071346
43 46 3 291477 2.000072867
1 0 3 47689 2.000072974
45 14 3 213093 2.000073094
1 4 3 31186 2.000077149
2 79 3 11467 2.000079114
46 37 3 6607458 2.000080705
49 39 3 68009 2.000092526
12 2 3 45269 2.000101408
40 41 3 768833 2.000107838
50 42 3 68866 2.000108143
45 52 3 789 2.000110799
40 50 3 78578 2.000110976
43 47 3 85790 2.000127180
7 84 3 16115 2.000133795
37 41 3 185013 2.000145803
85 77 3 3866548 2.000157522
40 51 3 128 2.000162563
2 15 3 3189894 2.000167393
13 4 3 76590 2.000168047
85 74 3 24655 2.000188948
45 50 3 10638 2.000189081
11 39 3 2320331 2.000193198
12 74 3 2893883 2.000198821
1 6 3 9054 2.000207002
82 7 3 892609 2.000224436
74 83 3 26125 2.000231851
74 1 3 3501679 2.000234612
52 1 3 6232 2.000241478
15 10 3 1848223 2.000246271
49 80 3 12896 2.000254243
76 83 3 57004 2.000256231
88 79 3 631625 2.000256790
80 39 3 1117 2.000259387
84 75 3 50266 2.000260220
12 11 3 75005 2.000281860
46 40 3 5464170 2.000285922
39 50 3 13894116 2.000294461
39 44 3 29352 2.000295434
41 38 3 647110 2.000296791
4 3 3 63721 2.000297063
37 47 3 5090 2.000311283
8 13 3 17910 2.000311724
43 11 3 28861 2.000314723
51 49 3 4617 2.000317107
50 77 3 29403444 2.000317934
74 52 3 56501 2.000330779
80 83 3 3487785 2.000333793
41 45 3 23678897 2.000336155
6 76 3 29844 2.000337223
76 4 3 1688585 2.000337249
4 74 3 1387355 2.000347136
6 13 3 26880 2.000356993
85 1 3 1209251 2.000363231
49 39 3 37956 2.000367423
79 38 3 3631115 2.000380539
6 2 3 3761 2.000383705
89 37 3 278280 2.000401098
48 45 3 25619 2.000407754
4 49 3 36465 2.000412774
43 83 3 70802 2.000418374
3 89 3 4206388 2.000429317
11 2 3 2429 2.000435775
41 37 3 15257945 2.000440117
78 85 3 48609 2.000443249
46 81 3 46006 2.000444910
39 45 3 115698 2.000446739
40 8 3 1321946 2.000450832
6 2 3 37942 2.000456933
45 42 3 31442 2.000463573
37 40 3 884094 2.000473829
87 74 3 9983 2.000476241
15 1 3 1853238 2.000480321
79 74 3 1266965 2.000516795
2 5 3 22309 2.000517369
76 89 3 53421 2.000530117
7 49 3 1804056 2.000534440
3 74 3 64403 2.000537626
50 84 3 82313 2.000539043
41 77 3 26845 2.000545337
2 42 3 79185 2.000545543
0 4 3 2883 2.000549794
89 44 3 4403 2.000552153
52 40 3 4413911 2.000553348
74 81 3 9786961 2.000558714
11 3 3 1863889 2.000560486
12 2 3 6779 2.000568655
42 52 3 29222 2.000577744
12 4 3 2089 2.000581397
43 49 3 78274 2.000586786
39 41 3 863825 2.000588583
49 42 3 115616 2.000590859
11 50 3 55403 2.000596866
1 88 3 513825 2.000602548
7 0 3 6261367 2.000606824
77 81 3 7393 2.000616308
81 50 3 22797 2.000621359
12 2 3 107378 2.000623791
15 38 3 6619 2.000632996
13 11 3 43724 2.000636107
12 89 3 33482 2.000640003
86 81 3 47623 2.000647017
7 4 3 23792 2.000649300
11 8 3 6951843 2.000650128
43 48 3 3234379 2.000667219
38 46 3 57209 2.000678983
47 39 3 3386893 2.000690902
12 7 3 1908829 2.000692497
4 5 3 64449 2.000709476
40 89 3 6037304 2.000717033
14 84 3 75296 2.000721041
9 45 3 3318806 2.000724711
85 86 3 3961274 2.000735211
11 37 3 22908 2.000744557
7 89 3 11429 2.000745844
5 11 3 29171 2.000755543
0 12 3 72886 2.000756224
2 10 3 74101 2.000767766
44 87 3 33472 2.000769954
15 37 3 2419126 2.000771944
40 50 3 53671 2.000787735
85 75 3 68066 2.000789805
0 51 3 9941383 2.000795905
6 78 3 28549 2.000815763
51 41 3 73031 2.000820573
76 13 3 28751 2.000822648
38 1 3 207415 2.000828552
2 41 3 31932 2.000831354
2 11 3 3136193 2.000833627
11 0 3 970467 2.000849913
87 83 3 1624801 2.000852371
47 7 3 729052 2.000857091
51 37 3 34949 2.000859079
43 42 3 304720 2.000860850
47 50 3 6490423 2.000869768
74 13 3 77633 2.000883839
14 78 3 29189141 2.000895441
47 2 3 9245221 2.000921187
2 11 3 91643 2.000929300
11 2 3 21654 2.000938326
74 89 3 8056 2.000945922
8 10 3 36738 2.000948587
81 12 3 1735353 2.000950665
85 75 3 574 2.000951067
15 40 3 1105328 2.000953272
82 80 3 52563 2.000955649
14 0 3 6719835 2.000956846
13 44 3 39223 2.000958288
79 52 3 54045 2.000965130
89 15 3 26917 2.000966774
83 79 3 27729 2.000975686
86 85 3 7919021 2.000975847
3 7 3 648 2.000983989
81 8 3 4045464 2.000995992
74 11 3 6684 2.000998188
7 48 3 1146000 2.000999174
76 48 3 77618 2.001013727
41 1 3 5100220 2.001019217
46 50 3 15196 2.001022121
1 3 3 21025 2.001023323
6 85 3 11234 2.001026166
1 4 3 6264 2.001027888
76 80 3 1503405 2.001046912
41 42 3 7393 2.001054418
41 39 3 13027 2.001058467
89 74 3 3748050 2.001065867
9 7 3 4500 2.001067333
85 74 3 74667 2.001067396
44 42 3 26351 2.001072077
43 49 3 6441 2.001075175
84 85 3 8384007 2.001084321
45 37 3 55871 2.001092549
12 9 3 33375 2.001092904
47 2 3 42498 2.001101036
48 89 3 33528 2.001104172
4 44 3 6333 2.001104654
45 14 3 31120 2.001132148
85 82 3 20225222 2.001136410
10 84 3 6228 2.001148628
85 89 3 63473 2.001150784
41 82 3 1087354 2.001153265
14 50 3 63008 2.001153525
47 78 3 4605241 2.001168567
14 4 3 2686376 2.001169133
39 86 3 77525 2.001171874
38 46 3 61 2.001178508
88 89 3 155382 2.001189918
11 10 3 1795877 2.001192580
1 38 3 25523 2.001202866
15 2 3 28341 2.001208713
13 4 3 2568 2.001212986
44 8 3 12376967 2.001235628
77 82 3 51592 2.001247549
41 6 3 33020 2.001257039
39 49 3 4157922 2.001260957
40 51 3 2727452 2.001267041
52 77 3 161721 2.001269520
44 83 3 1240 2.001273228
50 86 3 26619 2.001275487
83 11 3 6209425 2.001296699
82 2 3 1229172 2.001296921
11 4 3 32539 2.001299533
11 15 3 73060 2.001311123
75 84 3 2026488 2.001321983
38 41 3 2669 2.001332980
38 47 3 29121 2.001335828
82 85 3 3560150 2.001337034
39 44 3 121 2.001339548
0 85 3 737147 2.001351571
49 47 3 212 2.001355300
48 80 3 58717 2.001357888
6 39 3 8460 2.001378977
15 75 3 4721211 2.001379718
50 47 3 4901541 2.001382686
4 15 3 373276 2.001383506
84 83 3 2673 2.001387652
15 3 3 8365 2.001388529
3 7 3 25886 2.001404841
37 75 3 52855 2.001408804
9 5 3 4759629 2.001414521
8 81 3 947762 2.001416319
82 87 3 110013 2.001422699
49 1 3 74524 2.001424300
3 0 3 165147 2.001426298
85 88 3 3417075 2.001430594
8 12 3 29680 2.001442954
52 38 3 26543 2.001444731
37 43 3 15752 2.001459146
49 50 3 1718707 2.001463063
50 45 3 130510 2.001479329
75 81 3 20366 2.001487392
12 4 3 2002072 2.001493385
83 52 3 197045 2.001498600
78 88 3 20721 2.001513331
15 5 3 120926 2.001515296
82 7 3 70561 2.001516830
44 50 3 69288 2.001540567
52 38 3 57071 2.001546679
10 3 3 8197 2.001548480
86 88 3 117091 2.001553141
10 49 3 4508274 2.001559798
77 76 3 3847803 2.001563763
7 37 3 73637 2.001563824
11 10 3 4315635 2.001575996
89 76 3 701124 2.001576450
12 49 3 3920 2.001581270
9 12 3 104033 2.001585853
0 15 3 2044664 2.001591472
86 5 3 10632193 2.001592112
88 82 3 2462964 2.001609274
11 12 3 50125 2.001609716
40 43 3 28807 2.001613634
12 39 3 459512 2.001616487
0 6 3 9452954 2.001617198
37 43 3 25940 2.001644661
11 14 3 2765293 2.001653585
77 79 3 3417265 2.001658774
40 38 3 812398 2.001662831
42 45 3 4238990 2.001673651
5 89 3 25315 2.001674128
39 49 3 6385 2.001674269
4 5 3 4649225 2.001681271
45 0 3 106 2.001691893
0 4 3 1229482 2.001700576
2 15 3 60982 2.001702416
46 52 3 5199382 2.001719203
15 10 3 585516 2.001719943
51 0 3 5927 2.001722695
14 11 3 5767 2.001723784
76 75 3 27643 2.001725107
44 47 3 24929695 2.001727404
42 43 3 1203062 2.001731076
11 44 3 58933 2.001731751
87 43 3 39811 2.001732023
42 47 3 2530578 2.001740869
49 43 3 160851 2.001745462
83 45 3 68892 2.001757861
38 47 3 4668769 2.001769452
79 89 3 871538 2.001777408
2 6 3 755607 2.001779494
43 14 3 29141 2.001779802
12 7 3 1925 2.001781623
11 40 3 62246 2.001781713
39 8 3 2699226 2.001797631
8 81 3 1338470 2.001799711
6 11 3 6856 2.001802127
52 7 3 957338 2.001802299
13 5 3 1934454 2.001805264
84 86 3 20312 2.001814001
38 47 3 781 2.001814773
10 3 3 179816 2.001815249
43 79 3 73124 2.001827516
79 2 3 19490 2.001828125
79 4 3 1301974 2.001829261
1 43 3 964249 2.001832596
7 12 3 1157852 2.001835643
87 84 3 4825221 2.001847788
11 41 3 62999 2.001856233
1 37 3 3910818 2.001860909
81 4 3 9406848 2.001877138
88 39 3 742401 2.001880136
43 39 3 35961 2.001881075
39 42 3 6982 2.001885451
7 37 3 29967 2.001890215
45 44 3 706204 2.001904814
76 89 3 1192509 2.001908264
83 9 3 718772 2.001909691
42 40 3 19854 2.001924044
48 11 3 335776 2.001939102
1 9 3 78809 2.001942392
50 0 3 3543 2.001942748
44 51 3 38426 2.001943972
38 48 3 1814388 2.001944967
41 86 3 57119 2.001951203
85 0 3 64144 2.001953754
87 81 3 26103170 2.001955237
79 82 3 185349 2.001964486
44 5 3 45189 2.001966462
77 86 3 5355 2.001968841
47 75 3 29411 2.001978491
39 82 3 11700 2.001979916
5 86 3 62417 2.001981234
9 82 3 20747 2.001986809
40 14 3 1692697 2.001989204
12 74 3 47868 2.001990945
11 14 3 32396 2.001992234
74 79 3 856043 2.001997998
11 15 3 54494 2.002004314
51 38 3 882725 2.002012269
11 7 3 4414563 2.002017574
49 40 3 1477699 2.002018781
37 47 3 52497 2.002023501
4 87 3 23828 2.002041154
8 1 3 151969 2.002043904
39 82 3 40823 2.002054503
11 8 3 8445064 2.002059048
87 52 3 36282 2.002070803
76 43 3 9577 2.002085309
3 7 3 1556874 2.002086232
1 4 3 3380 2.002087010
2 37 3 1913250 2.002091594
76 85 3 28498 2.002097313
78 74 3 6106 2.002120048
3 1 3 30975 2.002125571
46 37 3 61616 2.002129385
1 6 3 4763661 2.002131773
50 46 3 3557606 2.002150916
14 86 3 39349 2.002151801
44 51 3 37399 2.002165933
38 88 3 15924 2.002167054
42 49 3 24300 2.002168841
42 4 3 881955 2.002194520
79 85 3 14652289 2.002194615
4 1 3 1967988 2.002197285
77 75 3 27070 2.002198523
88 86 3 287006 2.002203831
76 85 3 1665 2.002215645
39 82 3 3923676 2.002220289
2 11 3 25937280 2.002229455
81 79 3 23835 2.002230920
84 87 3 3413 2.002232082
82 40 3 23750 2.002236878
14 0 3 356478 2.002244167
37 3 3 5988089 2.002251727
14 5 3 697211 2.002258570
85 75 3 129792 2.002259861
13 12 3 927304 2.002279083
78 82 3 2783987 2.002281704
1 15 3 4077943 2.002301156
7 3 3 13329 2.002301570
48 50 3 60748 2.002304854
89 81 3 9805391 2.002315981
45 44 3 41798 2.002318769
14 13 3 1334386 2.002320279
2 3 3 23643 2.002325570
42 52 3 9629706 2.002327312
46 38 3 847221 2.002327595
79 74 3 6636321 2.002330898
43 51 3 1404221 2.002338815
5 43 3 4901950 2.002340523
76 84 3 69864 2.002343081
52 86 3 178703 2.002346665
8 5 3 666 2.002348924
50 44 3 40996 2.002359583
87 37 3 2362686 2.002363037
12 5 3 70264 2.002364400
11 52 3 921767 2.002374440
52 81 3 63963 2.002376055
45 80 3 40137 2.002389021
1 10 3 17981 2.002390488
7 14 3 3539 2.002393126
37 50 3 780 2.002400418
76 77 3 404937 2.002403432
48 47 3 1126895 2.002411798
12 4 3 71110 2.002414750
50 11 3 52767 2.002415087
81 74 3 5070 2.002418007
12 38 3 611476 2.002429590
50 44 3 1233769 2.002430346
43 50 3 58499 2.002440134
87 78 3 1641957 2.002446419
39 47 3 6157 2.002452027
47 51 3 38452 2.002457829
12 85 3 9607 2.002462733
83 86 3 69760 2.002466421
39 50 3 68100 2.002476847
6 8 3 393768 2.002478230
50 3 3 21732390 2.002478727
37 38 3 3257 2.002481380
12 14 3 682498 2.002481685
38 84 3 29615 2.002485053
80 76 3 30704 2.002491003
78 87 3 12166 2.002493208
15 11 3 2591289 2.002494402
51 40 3 8071 2.002500682
41 46 3 856077 2.002524270
80 89 3 3814236 2.002535713
81 41 3 1814521 2.002538055
46 49 3 84404 2.002539310
89 82 3 47123 2.002551480
79 84 3 31029 2.002560913
80 75 3 18236 2.002561163
50 41 3 594868 2.002565133
76 78 3 64507 2.002567469
1 11 3 44255 2.002567714
42 43 3 23720 2.002579076
15 51 3 1149 2.002581882
3 85 3 158474 2.002582363
15 4 3 320 2.002586166
42 37 3 2516236 2.002588355
8 43 3 39101 2.002605703
38 45 3 11472 2.002605827
87 75 3 3794 2.002607168
84 78 3 724951 2.002610122
50 51 3 4316385 2.002629046
11 38 3 4504845 2.002637230
44 41 3 789396 2.002638433
9 1 3 8858 2.002644814
44 52 3 1218535 2.002658609
7 15 3 1274460 2.002663734
51 75 3 7044 2.002665858
52 81 3 9420 2.002677640
9 3 3 789145 2.002692974
10 83 3 17583100 2.002719142
43 38 3 3186 2.002721221
0 74 3 52093 2.002723314
46 15 3 78308 2.002724544
13 87 3 212679 2.002726549
7 13 3 599908 2.002730059
78 74 3 2388136 2.002737980
42 39 3 40878 2.002742036
15 3 3 74158 2.002749391
42 51 3 69500 2.002761512
49 43 3 62036 2.002775983
85 84 3 1271053 2.002792579
48 83 3 3714216 2.002798799
78 89 3 27163 2.002802326
47 52 3 10556 2.002806334
52 41 3 78196 2.002809159
51 82 3 14739602 2.002809448
38 39 3 920810 2.002810961
50 5 3 9163381 2.002816233
9 88 3 13357392 2.002824763
11 9 3 469606 2.002829311
76 89 3 9053296 2.002832188
87 88 3 2071927 2.002844636
75 87 3 4648774 2.002850480
10 8 3 302 2.002853953
43 82 3 86562 2.002860133
81 12 3 1173341 2.002861672
48 40 3 54852 2.002869801
1 88 3 8732 2.002873479
3 46 3 76447 2.002875582
44 38 3 1512871 2.002876001
39 46 3 4194 2.002877056
4 81 3 26228 2.002880002
51 39 3 1104276 2.002881147
46 50 3 9484 2.002883306
50 52 3 3015 2.002889276
7 9 3 68672 2.002899558
1 45 3 56037 2.002905334
47 49 3 351398 2.002907365
39 47 3 29529 2.002909743
77 13 3 25799 2.002916627
12 7 3 330007 2.002925002
40 5 3 3218152 2.002931628
45 85 3 4953604 2.002934226
79 84 3 842405 2.002951218
86 82 3 195590 2.002959230
87 5 3 1447110 2.002962612
50 39 3 1019387 2.002969266
80 88 3 48353 2.002975222
88 39 3 4158084 2.002977647
9 45 3 76006 2.002982348
0 12 3 25436 2.002984055
48 49 3 7424236 2.002999418
86 9 3 1589253 2.003015846
42 45 3 26905 2.003016713
9 14 3 56256 2.003019584
41 39 3 230013 2.003020360
8 0 3 11487 2.003041407
12 86 3 6426243 2.003043050
42 80 3 43250 2.003049370
80 38 3 62113 2.003052347
12 4 3 34272 2.003054061
42 9 3 45077 2.003054140
43 38 3 5943910 2.003057152
6 11 3 14969784 2.003058299
43 37 3 1941888 2.003059152
39 41 3 7829 2.003081700
46 15 3 2684751 2.003090011
75 39 3 9571 2.003095515
47 45 3 27331 2.003095860
38 47 3 17262762 2.003113394
80 15 3 102874 2.003118461
13 3 3 9184 2.003127892
80 87 3 500347 2.003131865
8 45 3 9177 2.003132780
14 37 3 40438 2.003134480
83 80 3 30255 2.003142412
89 44 3 20994853 2.003144707
0 77 3 66825 2.003145092
51 78 3 7757545 2.003149009
6 76 3 11051111 2.003149169
82 87 3 69768 2.003156586
4 14 3 4363875 2.003164585
49 42 3 9520458 2.003172965
4 39 3 651852 2.003174630
10 13 3 1630391 2.003179690
52 40 3 3969975 2.003180043
10 9 3 30155 2.003194424
50 37 3 4046205 2.003194784
74 88 3 18270 2.003204031
7 39 3 9752728 2.003210766
10 7 3 8672 2.003226592
82 87 3 130272 2.003245892
43 89 3 11252 2.003247582
15 83 3 110965 2.003251806
37 49 3 6720683 2.003258779
78 84 3 2059 2.003268079
2 14 3 6554 2.003268251
81 89 3 5784 2.003269136
42 49 3 22847 2.003277112
8 75 3 2155905 2.003284243
51 1 3 607268 2.003294717
37 44 3 4858664 2.003297854
80 89 3 40659 2.003299125
2 82 3 1958609 2.003300579
3 7 3 1918501 2.003303051
85 80 3 1519401 2.003307925
38 85 3 239307 2.003322311
10 3 3 1945896 2.003325328
37 52 3 23156 2.003335031
41 45 3 1601835 2.003337060
85 81 3 9811 2.003349800
82 5 3 14250 2.003351482
80 87 3 170450 2.003358459
15 6 3 1167037 2.003363772
38 84 3 72023 2.003370267
5 83 3 168045 2.003370752
9 15 3 8845 2.003370912
48 88 3 124297 2.003372138
7 48 3 577 2.003385450
45 40 3 15778 2.003387475
11 83 3 1343424 2.003388980
78 82 3 7615 2.003389515
51 41 3 1137323 2.003389978
10 4 3 1384066 2.003392981
7 52 3 1517724 2.003404175
10 44 3 57572 2.003414462
49 50 3 30590 2.003428624
15 10 3 3176906 2.003430903
37 45 3 1224344 2.003452511
50 13 3 22929 2.003453330
48 0 3 52252 2.003458324
8 1 3 2487594 2.003462999
13 88 3 442382 2.003463231
8 14 3 2589145 2.003473999
42 75 3 766 2.003480622
2 0 3 8960 2.003486181
86 87 3 1203625 2.003489507
7 9 3 1945823 2.003497908
80 48 3 27988 2.003515836
81 38 3 3335391 2.003522721
37 48 3 8939 2.003524196
11 41 3 29976 2.003524393
51 89 3 19307648 2.003531744
5 74 3 79191 2.003536514
2 14 3 7125 2.003544539
83 37 3 13757369 2.003550404
9 13 3 46814 2.003555523
10 75 3 17254 2.003559012
38 40 3 15497 2.003562541
40 52 3 8259376 2.003562546
83 88 3 25202 2.003566616
80 86 3 199364 2.003574063
78 86 3 4459775 2.003579084
78 81 3 2463455 2.003586288
79 0 3 1537054 2.003587617
0 84 3 1306563 2.003592043
43 75 3 7917 2.003592230
39 49 3 79171 2.003612536
44 37 3 1952080 2.003619693
4 79 3 40952 2.003623496
1 80 3 43744 2.003625318
83 14 3 21550 2.003632343
51 8 3 1085903 2.003648707
46 43 3 4978675 2.003649687
39 14 3 638644 2.003658097
78 46 3 8064240 2.003662938
45 89 3 29106 2.003664720
3 11 3 15421 2.003668534
0 3 3 63091 2.003682455
6 3 3 6398 2.003688260
14 3 3 24209 2.003689567
13 8 3 1144948 2.003689603
7 6 3 3560 2.003697274
10 75 3 7882 2.003703062
77 13 3 74325 2.003705703
74 78 3 26504870 2.003707639
76 14 3 7218 2.003710250
42 6 3 1822397 2.003725673
0 12 3 746272 2.003735033
13 82 3 198825 2.003740700
75 2 3 334692 2.003741274
14 11 3 169875 2.003752297
7 4 3 92960 2.003755686
86 83 3 971152 2.003756160
52 46 3 24571 2.003767384
2 11 3 9522873 2.003772583
77 79 3 731306 2.003791320
52 47 3 5918944 2.003792077
3 4 3 1497192 2.003807680
13 79 3 1612 2.003824355
78 44 3 8317 2.003825489
89 6 3 2629 2.003829006
89 82 3 744838 2.003831654
9 50 3 365827 2.003840504
44 50 3 3654329 2.003845431
42 87 3 38361 2.003864075
7 84 3 2574499 2.003876537
46 8 3 9484192 2.003877346
37 46 3 3850851 2.003877808
49 42 3 55204 2.003880040
47 46 3 261121 2.003880083
84 52 3 31944 2.003883132
77 86 3 930157 2.003892700
38 47 3 48151 2.003893250
42 86 3 17093393 2.003895965
50 40 3 42859 2.003911999
7 81 3 23455 2.003916693
77 40 3 21737 2.003922684
7 83 3 4219 2.003923774
52 41 3 140435 2.003926278
85 78 3 183412 2.003931180
38 83 3 134059 2.003935281
84 38 3 67982 2.003944644
85 79 3 11451 2.003947906
38 41 3 3048 2.003960522
49 0 3 1624630 2.003970218
87 88 3 605699 2.003970266
2 9 3 60834 2.003971235
1 14 3 3914385 2.003981918
13 3 3 23440 2.004000689
13 51 3 1171174 2.004004103
74 77 3 1670133 2.004006119
79 85 3 36753 2.004015302
49 50 3 71307 2.004019327
87 78 3 19995 2.004020372
50 76 3 9659966 2.004041106
42 40 3 208955 2.004058897
49 47 3 3362769 2.004060594
48 43 3 985984 2.004061595
78 87 3 21610 2.004061780
49 40 3 285816 2.004065380
80 1 3 40987 2.004089039
51 52 3 1572129 2.004094003
75 83 3 13526 2.004099931
84 86 3 3949485 2.004101238
48 50 3 4200839 2.004101651
4 9 3 21769 2.004104723
10 1 3 22243 2.004108346
4 5 3 6319 2.004125254
46 1 3 6449424 2.004128604
48 47 3 1772285 2.004130264
9 13 3 1383280 2.004130640
2 6 3 10806 2.004135845
48 8 3 6328 2.004149963
89 88 3 7123 2.004153056
41 43 3 31044 2.004154829
89 88 3 528281 2.004155719
86 75 3 2377 2.004161024
12 14 3 30513 2.004161705
10 5 3 69539 2.004162349
9 82 3 1776 2.004168226
79 76 3 27367456 2.004169507
49 5 3 180954 2.004172952
10 41 3 1964267 2.004179450
7 44 3 3158151 2.004200731
14 45 3 8939183 2.004201040
5 1 3 428559 2.004206435
15 39 3 20680 2.004212551
15 8 3 6211 2.004214220
41 38 3 1193556 2.004216507
52 39 3 24215 2.004223130
80 7 3 19089 2.004244617
15 13 3 8026 2.004245164
47 40 3 8896 2.004245768
11 1 3 68735 2.004251694
47 38 3 70412 2.004252217
46 40 3 12203 2.004257651
38 45 3 79861 2.004258527
84 11 3 15373 2.004260443
12 38 3 22852 2.004269740
40 88 3 23060 2.004272286
85 82 3 27273909 2.004274920
76 89 3 5578 2.004275881
40 41 3 57634 2.004277685
13 3 3 18218 2.004278354
84 76 3 95296 2.004284404
39 86 3 9595 2.004289982
8 0 3 4855654 2.004291305
83 74 3 4158 2.004292966
88 39 3 534130 2.004306872
74 85 3 6560687 2.004316438
6 45 3 667617 2.004326327
81 38 3 2016 2.004327009
87 74 3 61229 2.004331716
48 40 3 73171 2.004345060
9 86 3 64317 2.004345834
83 81 3 2293804 2.004349864
42 84 3 48083 2.004353561
45 15 3 54262 2.004368583
51 38 3 2647795 2.004374723
49 40 3 28552602 2.004386633
51 8 3 159490 2.004395844
86 76 3 738579 2.004396213
10 4 3 28782 2.004401192
43 5 3 421285 2.004409642
38 15 3 3806218 2.004412117
40 49 3 23262 2.004415583
50 45 3 114927 2.004419039
83 0 3 7018630 2.004420462
0 13 3 23404 2.004422935
13 4 3 14995 2.004430800
7 15 3 78957 2.004438798
8 0 3 275597 2.004450315
39 49 3 6366 2.004450854
11 52 3 184418 2.004450903
0 15 3 26608 2.004457352
5 44 3 710985 2.004463900
5 6 3 6333659 2.004483042
45 44 3 22205941 2.004484701
2 83 3 6248 2.004487463
88 37 3 1870787 2.004503721
46 49 3 188742 2.004515874
46 86 3 506473 2.004519143
8 10 3 79014 2.004523239
3 5 3 49453 2.004526480
83 87 3 79545 2.004534566
8 3 3 21178 2.004539551
10 5 3 29629 2.004540902
50 1 3 47845 2.004545932
0 12 3 1290739 2.004545989
3 5 3 2071737 2.004553184
81 84 3 478055 2.004560866
80 85 3 8172409 2.004563610
76 4 3 366289 2.004578117
40 43 3 1939643 2.004578568
78 74 3 40690 2.004589161
38 50 3 58525 2.004603549
46 40 3 13240 2.004604360
83 75 3 40719 2.004606682
0 13 3 1073607 2.004612486
87 74 3 64884 2.004612702
1 12 3 120875 2.004614687
9 38 3 14878 2.004619713
10 79 3 9444 2.004634368
41 51 3 5219674 2.004639704
88 7 3 7512742 2.004646397
49 4 3 3139224 2.004652561
79 74 3 53146 2.004653396
14 76 3 4299741 2.004661382
15 40 3 9817 2.004681503
15 51 3 6893141 2.004686808
80 88 3 777240 2.004703440
89 74 3 15242 2.004705418
88 15 3 20524 2.004722392
75 77 3 756018 2.004730591
3 85 3 37825 2.004762649
84 43 3 53109 2.004765307
52 38 3 1415697 2.004769700
6 3 3 93963 2.004769814
4 11 3 52784 2.004772824
48 40 3 41689 2.004784054
87 89 3 17541 2.004796780
1 5 3 303571 2.004801621
39 14 3 26200 2.004804299
80 89 3 40666 2.004811148
40 87 3 266394 2.004812938
6 2 3 8299441 2.004814590
50 38 3 3285460 2.004817159
6 13 3 4254090 2.004824532
11 75 3 4297159 2.004825538
0 75 3 18575 2.004829293
89 50 3 3536060 2.004830853
75 79 3 5576963 2.004834717
43 49 3 4608285 2.004836089
38 52 3 58487 2.004838434
88 85 3 29337062 2.004838869
3 0 3 24640911 2.004847633
79 41 3 4703 2.004851734
40 9 3 74488 2.004853207
39 41 3 9334120 2.004858268
38 39 3 12224 2.004874146
45 11 3 16278 2.004882976
2 39 3 7650 2.004888991
5 15 3 571495 2.004895998
6 11 3 132557 2.004906033
51 47 3 1079512 2.004912022
4 0 3 59824 2.004934884
44 43 3 4116190 2.004938802
8 2 3 9926 2.004940852
14 85 3 23043248 2.004958361
41 44 3 3076299 2.004959670
13 40 3 9757969 2.004966453
49 82 3 9824653 2.004975045
13 77 3 42390 2.004975325
49 44 3 4641016 2.004984132
41 1 3 162990 2.004991237
38 42 3 6170720 2.005016092
83 51 3 72460 2.005020055
44 45 3 3801410 2.005029197
47 13 3 69941 2.005032484
13 1 3 20110 2.005045829
44 47 3 2582628 2.005045892
13 87 3 21643 2.005046531
8 5 3 24376 2.005049760
2 0 3 78754 2.005051408
6 9 3 103494 2.005077497
52 1 3 1809349 2.005083960
14 7 3 23676 2.005086891
12 51 3 21161 2.005087024
84 76 3 7525 2.005096322
77 6 3 16168679 2.005100421
52 1 3 5364 2.005112036
43 38 3 24365 2.005117471
50 45 3 4101 2.005121377
39 80 3 1926 2.005131064
11 4 3 32861 2.005131996
77 87 3 8403467 2.005133476
44 39 3 9516231 2.005134921
81 37 3 54957 2.005136256
74 84 3 2031 2.005136258
87 85 3 79164 2.005142070
38 86 3 82838 2.005145831
2 7 3 11508 2.005157197
46 51 3 20631 2.005157664
50 45 3 820601 2.005166173
15 11 3 2915287 2.005167463
4 2 3 1361105 2.005192492
11 89 3 33611 2.005215204
12 79 3 1954825 2.005215268
85 76 3 1168940 2.005227282
6 86 3 786257 2.005238530
37 1 3 74601 2.005244013
45 74 3 21253 2.005249621
8 41 3 918022 2.005255086
9 40 3 188474 2.005262579
86 81 3 1395712 2.005271144
3 52 3 37992 2.005271423
82 1 3 1999 2.005314652
46 48 3 15262 2.005320585
41 38 3 8911 2.005325654
5 44 3 728532 2.005327593
47 38 3 7786174 2.005342212
89 75 3 178394 2.005346392
76 15 3 1469529 2.005351098
5 41 3 158101 2.005355626
6 89 3 949703 2.005355966
83 86 3 14980 2.005377639
0 15 3 29514 2.005386278
6 5 3 8611044 2.005386842
7 3 3 465135 2.005389138
85 87 3 3801088 2.005393778
2 88 3 40029 2.005396174
9 8 3 4609 2.005401176
77 88 3 142259 2.005407654
13 4 3 6915 2.005410223
15 9 3 4232587 2.005413324
75 87 3 2058295 2.005423559
88 87 3 71767 2.005433252
12 0 3 61492 2.005435026
51 52 3 83631 2.005438931
84 76 3 54477 2.005440602
50 79 3 4132930 2.005446870
11 77 3 7920 2.005451111
9 42 3 38345 2.005451638
45 40 3 494126 2.005459014
4 15 3 5652 2.005460698
50 79 3 68679 2.005464876
85 2 3 51857 2.005473198
75 11 3 25106 2.005477082
2 6 3 24338 2.005483650
6 8 3 1225878 2.005484735
44 50 3 3065572 2.005487473
9 4 3 7927365 2.005493284
9 6 3 75990 2.005508059
3 9 3 5977 2.005511513
45 38 3 1398182 2.005515153
75 83 3 9083642 2.005519980
87 77 3 20532 2.005521809
89 43 3 1398650 2.005526172
4 15 3 27037256 2.005532716
77 78 3 362216 2.005534086
52 11 3 14471977 2.005534744
49 80 3 97624 2.005557641
13 6 3 403344 2.005559326
78 85 3 65308 2.005561172
77 46 3 4213163 2.005567115
85 81 3 25719 2.005567951
6 77 3 28244 2.005582812
47 46 3 804966 2.005588630
42 1 3 2360667 2.005589647
9 3 3 1159002 2.005596798
47 88 3 194314 2.005600168
8 12 3 8576 2.005600750
6 0 3 3347 2.005611388
52 75 3 3041316 2.005612758
76 86 3 17324 2.005616376
37 47 3 844229 2.005618545
0 48 3 150268 2.005624889
45 42 3 4100888 2.005628808
5 81 3 7650 2.005638908
3 86 3 78044 2.005639840
1 0 3 49137 2.005650720
0 2 3 373872 2.005659831
88 77 3 192136 2.005660195
42 39 3 26994 2.005666508
48 6 3 7330 2.005669850
37 7 3 34198 2.005674127
45 75 3 1665910 2.005677667
1 4 3 122325 2.005677906
80 74 3 2047641 2.005679719
88 41 3 521695 2.005679844
45 43 3 17335 2.005689259
14 42 3 143338 2.005692099
9 10 3 118825 2.005693757
80 74 3 46001 2.005710338
85 82 3 67826 2.005711775
74 75 3 9038 2.005715721
3 10 3 9742 2.005721748
9 2 3 1046554 2.005730746
42 37 3 1247539 2.005737169
42 48 3 40441 2.005759523
75 81 3 8781255 2.005763342
8 5 3 388580 2.005772811
37 11 3 77004 2.005778439
79 5 3 2311873 2.005784176
78 80 3 1002479 2.005787745
52 82 3 25972 2.005793642
49 89 3 414209 2.005808038
42 45 3 3703 2.005809070
41 44 3 58460 2.005812503
82 49 3 13422 2.005817199
44 45 3 36281 2.005823501
50 48 3 3175 2.005838468
81 77 3 7111662 2.005850564
81 44 3 7902381 2.005853145
43 41 3 51362 2.005869211
43 49 3 53504 2.005888812
37 45 3 8170752 2.005889230
38 45 3 33817 2.005893899
9 88 3 28828 2.005894496
5 7 3 27410361 2.005899198
2 10 3 613072 2.005913577
38 6 3 8172 2.005915665
77 80 3 2252 2.005916905
40 43 3 143274 2.005918224
8 6 3 964177 2.005918430
85 79 3 67086 2.005921975
3 5 3 16443 2.005924680
44 40 3 5667460 2.005926714
2 9 3 19554935 2.005928617
79 43 3 165381 2.005930670
88 80 3 9922087 2.005938151
39 44 3 53343 2.005946192
88 83 3 1456803 2.005954391
87 47 3 293 2.005963417
46 0 3 79920 2.005964155
42 83 3 8864523 2.005968103
4 0 3 10133682 2.005986615
14 51 3 44826 2.005989092
51 40 3 53107 2.005994247
48 45 3 7084506 2.005996996
52 87 3 4256538 2.005997407
0 6 3 58718 2.006000059
5 9 3 43398 2.006002924
40 48 3 25659 2.006012849
79 77 3 51213 2.006022774
6 11 3 2366096 2.006029689
49 44 3 43593 2.006044302
80 1 3 238154 2.006054586
50 52 3 18273832 2.006056953
12 3 3 1741 2.006066431
13 4 3 2853 2.006066500
46 11 3 81733 2.006067272
87 80 3 1472976 2.006087123
47 8 3 28143142 2.006091494
87 80 3 3166134 2.006096264
50 46 3 76513 2.006103466
86 85 3 1444920 2.006114236
39 82 3 25540 2.006117271
10 83 3 9838316 2.006118419
52 48 3 22579 2.006130322
6 88 3 1491358 2.006132167
47 50 3 115040 2.006134953
11 2 3 20287 2.006141848
1 7 3 178918 2.006142480
3 9 3 28324897 2.006142580
39 43 3 1579310 2.006155225
7 83 3 21236 2.006160849
77 41 3 20940 2.006163960
50 48 3 54575 2.006176269
89 76 3 14568 2.006185768
82 7 3 1501748 2.006187698
89 84 3 42163 2.006212063
12 0 3 46775 2.006224209
13 9 3 46275 2.006237825
41 79 3 1253 2.006249475
47 44 3 1051611 2.006253026
39 50 3 406047 2.006255759
42 46 3 1429604 2.006262562
50 14 3 10096 2.006271551
11 42 3 110530 2.006273343
4 42 3 20351 2.006276433
13 37 3 1122794 2.006281683
40 46 3 896184 2.006284915
15 38 3 77822 2.006291678
39 86 3 736408 2.006302019
48 39 3 2050262 2.006317185
1 5 3 8007447 2.006318114
7 86 3 5447 2.006329147
52 87 3 63129 2.006335412
80 40 3 21795 2.006336396
12 89 3 2551768 2.006339855
1 78 3 117751 2.006341182
43 78 3 8785 2.006352929
12 7 3 197859 2.006353931
88 42 3 17591 2.006369286
81 82 3 722172 2.006370255
47 46 3 25964 2.006389003
86 1 3 1802 2.006407685
1 4 3 162935 2.006412900
48 47 3 467264 2.006419650
89 41 3 74146 2.006429086
1 41 3 56289 2.006432411
8 1 3 84747 2.006447711
14 3 3 17093275 2.006451378
82 80 3 26648 2.006451956
88 81 3 1165803 2.006453279
81 75 3 28066 2.006460817
85 82 3 123863 2.006464704
42 39 3 25817 2.006466876
6 13 3 2927 2.006475411
40 37 3 1340597 2.006475756
14 79 3 7698059 2.006485089
82 39 3 4661 2.006485629
51 13 3 41261 2.006486651
46 48 3 4944797 2.006487344
12 51 3 31188 2.006496184
45 75 3 1253468 2.006507224
80 83 3 33592 2.006509411
52 48 3 17313 2.006517436
10 12 3 86 2.006521746
82 79 3 5436622 2.006542223
7 87 3 1648552 2.006543000
42 82 3 1889809 2.006545259
0 46 3 37021 2.006548422
79 88 3 506223 2.006565071
52 38 3 4029445 2.006566814
75 44 3 26196 2.006574935
77 50 3 10208412 2.006585766
76 87 3 4242266 2.006587711
86 82 3 160898 2.006587859
39 8 3 19873 2.006590970
39 79 3 28183 2.006591780
38 40 3 694318 2.006598139
4 2 3 75081 2.006599135
80 8 3 507210 2.006608658
79 89 3 77397 2.006612607
81 84 3 36562 2.006628471
11 1 3 509119 2.006632460
38 41 3 52837 2.006635468
3 0 3 62250 2.006640548
75 74 3 277427 2.006645542
74 5 3 4971034 2.006647065
8 13 3 9016 2.006651444
0 12 3 1170892 2.006668469
48 87 3 3383 2.006669824
14 6 3 5922139 2.006680162
85 47 3 157605 2.006683772
10 15 3 7160563 2.006684115
52 48 3 19625219 2.006684151
82 74 3 26562 2.006695842
83 9 3 169167 2.006703900
2 80 3 825324 2.006703966
15 3 3 41303 2.006708247
5 9 3 34719 2.006710321
88 77 3 1105050 2.006712520
6 9 3 614275 2.006713622
40 47 3 9044779 2.006716277
48 52 3 4251918 2.006722392
38 46 3 171137 2.006722503
85 79 3 11274564 2.006722735
13 3 3 47822 2.006725753
82 77 3 108910 2.006727625
42 51 3 5832473 2.006747955
43 74 3 14888 2.006766796
1 52 3 8904275 2.006768492
12 86 3 56534 2.006776194
80 76 3 17060 2.006779466
9 3 3 7977993 2.006781957
89 78 3 3056653 2.006783603
14 1 3 7555 2.006786755
5 3 3 4622 2.006787592
51 83 3 3424435 2.006788488
88 76 3 53392 2.006793116
12 14 3 193397 2.006795317
52 13 3 3337660 2.006800128
8 6 3 74641 2.006802688
3 11 3 2568776 2.006806898
52 37 3 79014 2.006810032
88 76 3 53110 2.006815142
51 52 3 3730239 2.006822069
2 49 3 4081223 2.006828142
11 44 3 5830126 2.006838797
79 74 3 4974781 2.006853685
48 0 3 924792 2.006858924
11 8 3 7817901 2.006862286
7 15 3 9854 2.006866052
86 7 3 48113 2.006867943
78 84 3 1976290 2.006872831
1 6 3 1210967 2.006881060
79 5 3 2129828 2.006899475
6 44 3 67371 2.006899785
5 11 3 153406 2.006902381
11 4 3 7961088 2.006908915
40 0 3 40277 2.006936950
49 43 3 68916 2.006956964
82 0 3 2679272 2.006965293
1 82 3 30464 2.006966005
82 46 3 9848563 2.006970205
76 1 3 20219 2.006974729
1 10 3 4845376 2.006976195
75 5 3 78398 2.006979710
6 0 3 10641811 2.006984364
4 88 3 1054 2.007003270
47 74 3 3179506 2.007005302
39 49 3 76268 2.007016908
46 14 3 68481 2.007020698
5 7 3 2498489 2.007031243
87 83 3 25882 2.007037258
10 4 3 3618970 2.007044829
12 41 3 63074 2.007057541
14 50 3 42601 2.007058864
48 45 3 11668713 2.007061854
49 0 3 35355 2.007065507
43 49 3 77961 2.007065892
37 50 3 4427030 2.007068276
84 83 3 1366958 2.007074102
43 45 3 32094 2.007077986
12 2 3 29611674 2.007081942
40 1 3 53271 2.007082653
47 4 3 4666745 2.007087186
15 6 3 33928 2.007096352
44 50 3 57875 2.007107900
39 50 3 34720 2.007121246
84 77 3 1986931 2.007129839
77 88 3 12798 2.007138862
89 81 3 9347 2.007144264
1 5 3 459 2.007144390
47 75 3 51911 2.007146006
40 82 3 79194 2.007147760
79 44 3 220880 2.007150402
46 44 3 30071 2.007167709
44 85 3 422008 2.007170738
76 79 3 42605 2.007185835
78 86 3 70455 2.007211990
2 50 3 1582545 2.007218338
14 38 3 170817 2.007226676
41 9 3 1266554 2.007232054
46 49 3 20064526 2.007233834
50 43 3 12870 2.007234996
43 47 3 73754 2.007237597
12 46 3 770800 2.007257948
77 81 3 6312363 2.007278237
14 11 3 4345108 2.007303033
89 79 3 46848 2.007304723
77 47 3 473602 2.007306252
87 80 3 9017093 2.007310741
49 2 3 51186 2.007312253
9 12 3 46339 2.007313548
85 81 3 43047 2.007328930
40 42 3 7986 2.007331449
1 44 3 70819 2.007332591
48 45 3 55803 2.007336046
41 49 3 326789 2.007340184
82 87 3 53459 2.007340601
37 39 3 35159 2.007364310
7 14 3 51686 2.007371654
12 8 3 23588 2.007383940
49 39 3 910319 2.007393318
89 83 3 18705490 2.007400647
81 74 3 27029 2.007413826
40 42 3 33925 2.007418984
83 2 3 47785 2.007422219
49 47 3 75997 2.007424473
0 2 3 269249 2.007426753
8 1 3 14520 2.007433733
74 82 3 21579 2.007444740
77 84 3 6568186 2.007444933
47 49 3 78291 2.007456574
78 89 3 1925176 2.007456747
40 51 3 56242 2.007456785
45 10 3 48443 2.007461989
75 50 3 3284 2.007462413
15 3 3 22235 2.007488498
37 41 3 4118 2.007495138
5 8 3 25705 2.007499150
8 89 3 7921 2.007501793
79 86 3 5290808 2.007514181
37 1 3 101377 2.007514546
47 79 3 192723 2.007526392
43 38 3 1430791 2.007530190
9 2 3 11405 2.007531379
10 5 3 3116839 2.007534125
39 52 3 669674 2.007534440
40 6 3 5774814 2.007535453
88 82 3 27108 2.007537729
11 47 3 4178345 2.007540161
46 50 3 1354143 2.007540226
82 77 3 7691 2.007541278
39 42 3 69215 2.007547811
42 47 3 189244 2.007557130
37 39 3 27041914 2.007557410
51 50 3 38798 2.007559665
1 89 3 40482 2.007563117
13 11 3 7089515 2.007572383
3 8 3 6325 2.007578439
52 46 3 9205720 2.007580707
77 87 3 71764 2.007591604
76 75 3 53510 2.007596214
13 3 3 1447945 2.007601612
1 37 3 25046 2.007622391
78 37 3 21324629 2.007623100
9 38 3 61224 2.007645476
38 48 3 1971741 2.007646200
37 50 3 4087 2.007649504
14 48 3 35386 2.007657579
8 45 3 21219 2.007669435
37 52 3 4485429 2.007683881
2 7 3 1984009 2.007688986
0 13 3 32192 2.007689897
14 13 3 1848072 2.007699708
81 13 3 2225025 2.007702938
6 4 3 5587464 2.007718354
11 2 3 13042 2.007725470
85 84 3 22962 2.007736296
48 76 3 16609166 2.007743983
49 50 3 2946361 2.007745955
78 82 3 5403607 2.007749909
42 51 3 222636 2.007759163
49 14 3 31355 2.007760072
37 76 3 1453635 2.007762035
51 39 3 2332314 2.007764522
1 87 3 96437 2.007771903
6 0 3 75928 2.007777489
0 8 3 41520 2.007777754
47 43 3 4286250 2.007783807
52 14 3 594430 2.007791766
11 88 3 6571824 2.007795735
43 74 3 9722828 2.007796361
47 50 3 8072046 2.007799537
5 10 3 15022157 2.007801328
77 74 3 11084 2.007810095
38 41 3 1834535 2.007811897
51 37 3 2499936 2.007816050
74 81 3 183560 2.007816998
41 14 3 6290507 2.007847533
47 89 3 1240398 2.007849964
11 15 3 40240 2.007850975
41 49 3 70022 2.007855890
48 8 3 14518 2.007858019
9 3 3 2874763 2.007883371
42 51 3 13905580 2.007890464
8 13 3 16939 2.007895720
48 82 3 4028 2.007904230
83 76 3 59543 2.007916939
38 15 3 136 2.007927754
0 14 3 1648593 2.007934120
15 37 3 72663 2.007936628
50 45 3 3393886 2.007936952
1 78 3 24459266 2.007940641
7 39 3 1784 2.007952211
44 38 3 10914 2.007956020
75 76 3 24591766 2.007964936
7 11 3 125 2.007974980
0 9 3 7978 2.007978791
13 74 3 336 2.007978977
52 86 3 5512 2.007980547
15 0 3 77712 2.007982574
4 88 3 35793 2.007995719
5 8 3 33314 2.007996064
14 44 3 10865 2.008000887
12 41 3 1014924 2.008002302
45 2 3 30798 2.008012814
85 80 3 33317 2.008015080
43 51 3 63458 2.008024737
84 85 3 39792 2.008026087
86 6 3 1152582 2.008029041
79 75 3 1361425 2.008030897
47 52 3 1457530 2.008038189
82 75 3 18507882 2.008038375
48 39 3 742639 2.008043412
47 8 3 13509 2.008044014
39 40 3 4291353 2.008045186
4 11 3 4176528 2.008048783
81 88 3 46953 2.008055745
79 6 3 11830650 2.008059120
5 14 3 161889 2.008059719
15 9 3 437035 2.008064924
83 88 3 15330 2.008069297
10 2 3 1981255 2.008084336
0 48 3 72970 2.008086711
79 49 3 678914 2.008092280
41 39 3 53981 2.008097049
74 75 3 5756724 2.008100973
87 85 3 69420 2.008104792
84 89 3 60044 2.008129028
4 2 3 9131047 2.008129940
8 38 3 356565 2.008136385
11 9 3 823050 2.008154929
77 83 3 4372777 2.008155075
88 74 3 1682927 2.008155787
4 51 3 2958 2.008156124
75 78 3 82472 2.008161478
86 76 3 4364 2.008166637
0 15 3 26125400 2.008172957
43 49 3 1546 2.008176451
11 83 3 8269 2.008199901
43 5 3 4010 2.008203163
15 8 3 53401 2.008203339
7 6 3 42445 2.008205825
1 0 3 2096220 2.008230309
47 0 3 30307 2.008235078
77 75 3 12413 2.008240966
51 88 3 88237 2.008241174
10 14 3 387859 2.008246064
37 45 3 28414598 2.008246775
78 15 3 4277 2.008249383
49 50 3 1132 2.008255752
83 79 3 1740 2.008262130
89 39 3 49816 2.008269173
76 45 3 9251421 2.008272109
39 4 3 1803553 2.008272223
11 2 3 31 2.008285467
3 85 3 29213 2.008285818
8 14 3 942747 2.008327772
9 10 3 46048 2.008333261
79 86 3 84906 2.008353936
50 37 3 962586 2.008361022
38 83 3 3712726 2.008361927
46 47 3 2252920 2.008366270
76 84 3 1592744 2.008366342
8 38 3 4569526 2.008371334
5 41 3 516493 2.008381180
1 81 3 431167 2.008399000
7 12 3 7635 2.008408369
51 41 3 1944604 2.008435332
89 85 3 4716201 2.008436411
41 43 3 720983 2.008438777
9 15 3 5990 2.008457573
44 47 3 671384 2.008458500
83 40 3 18814 2.008459471
48 41 3 11067 2.008469623
11 15 3 1456685 2.008495998
3 45 3 31787 2.008501940
51 5 3 10076692 2.008503869
8 52 3 1475401 2.008507142
1 88 3 20774 2.008513950
46 1 3 1868322 2.008514020
85 80 3 157973 2.008567372
45 42 3 150693 2.008568646
38 44 3 278424 2.008576440
10 88 3 2559469 2.008584965
37 8 3 1972049 2.008585263
44 1 3 59836 2.008585964
85 84 3 2379138 2.008596461
10 5 3 73220 2.008598190
52 79 3 5869 2.008606865
15 5 3 43095 2.008609947
9 8 3 2018037 2.008617019
8 5 3 336331 2.008621464
87 76 3 79049 2.008623684
49 47 3 167954 2.008624554
76 2 3 146158 2.008644792
51 50 3 99030 2.008657882
42 38 3 64586 2.008664253
4 86 3 632635 2.008674661
4 15 3 1799862 2.008676275
44 50 3 195 2.008677026
7 40 3 8898 2.008679163
15 12 3 65021 2.008690936
85 86 3 22174 2.008691222
39 52 3 193595 2.008696303
6 87 3 182920 2.008703898
74 84 3 17619 2.008727677
43 4 3 62355 2.008734050
2 75 3 1310136 2.008740890
77 81 3 7814556 2.008753960
42 48 3 261704 2.008764514
86 89 3 15187 2.008765931
1 83 3 32308 2.008777712
37 43 3 5986 2.008778666
13 10 3 22009 2.008779128
52 84 3 27244 2.008783748
0 6 3 21232 2.008784921
4 6 3 38216 2.008785319
10 7 3 10003668 2.008785904
9 3 3 7742706 2.008792354
10 74 3 6272 2.008793497
83 7 3 321622 2.008796691
14 4 3 4134741 2.008812636
78 75 3 1640540 2.008813233
50 41 3 1711914 2.008815049
8 85 3 436988 2.008818834
39 8 3 2322089 2.008820916
38 47 3 1136518 2.008828577
14 12 3 922830 2.008838599
49 43 3 187555 2.008848389
38 89 3 4350945 2.008851186
45 48 3 1574 2.008854861
49 82 3 2349871 2.008857330
4 8 3 6781580 2.008862936
2 13 3 177160 2.008868670
0 75 3 62457 2.008875102
48 44 3 5770229 2.008889311
6 88 3 5796244 2.008904958
77 75 3 3846074 2.008909364
6 47 3 2733380 2.008928438
46 45 3 80155 2.008930330
84 82 3 5438 2.008934207
0 1 3 230281 2.008940087
0 6 3 78026 2.008942026
13 1 3 355327 2.008942778
11 9 3 41403 2.008949441
80 88 3 59038 2.008949531
85 52 3 1771147 2.008954426
52 51 3 744690 2.008956172
45 0 3 46791 2.008958867
14 8 3 45006 2.008959265
1 37 3 28695 2.008960406
45 48 3 719464 2.008960786
74 89 3 25241 2.008961693
86 79 3 1468941 2.008965306
78 77 3 6594159 2.008972471
2 39 3 82659 2.008976046
3 38 3 8217188 2.008977797
78 81 3 346262 2.008979839
50 3 3 5712 2.008991641
4 78 3 1932559 2.008995745
6 14 3 22773 2.008997276
79 86 3 2641731 2.009002122
10 45 3 5536 2.009018378
82 89 3 65868 2.009030060
9 82 3 4874 2.009048280
10 8 3 22145 2.009058744
14 46 3 35396 2.009068176
49 44 3 6202392 2.009079363
52 75 3 1815966 2.009101500
2 15 3 1891 2.009103595
86 81 3 4835 2.009106887
44 87 3 9436869 2.009108667
48 82 3 36013 2.009140528
76 88 3 5133 2.009141367
82 79 3 18037 2.009142386
1 13 3 166097 2.009149338
45 46 3 13751168 2.009154395
85 5 3 6815 2.009159144
10 7 3 71276 2.009159471
13 9 3 9423 2.009167586
87 74 3 962824 2.009167881
2 1 3 43818 2.009171481
6 12 3 16146 2.009175103
47 37 3 28359 2.009177198
46 50 3 95104 2.009178363
50 77 3 3650000 2.009179052
6 12 3 5685 2.009181072
2 15 3 452274 2.009183650
45 43 3 3697705 2.009188404
13 52 3 747507 2.009196904
1 49 3 13839 2.009200263
41 40 3 3609 2.009203642
7 9 3 65544 2.009205217
77 85 3 24026021 2.009212986
42 79 3 1505837 2.009215127
0 8 3 24749 2.009216949
81 80 3 346097 2.009221016
12 83 3 9536 2.009234687
82 89 3 32752 2.009236678
38 14 3 7203948 2.009237397
85 40 3 3529767 2.009257196
76 78 3 21819 2.009259143
80 83 3 65683 2.009273203
13 38 3 11679861 2.009273375
14 5 3 7866897 2.009282180
15 14 3 20462524 2.009283017
0 88 3 7546 2.009303522
44 6 3 120966 2.009303872
5 39 3 68821 2.009304232
81 80 3 14577 2.009318023
3 4 3 31809 2.009327253
5 14 3 4482 2.009339251
81 13 3 26055346 2.009340066
75 74 3 17689 2.009345586
4 12 3 1972381 2.009350960
82 86 3 24352 2.009358477
3 10 3 3797961 2.009373505
8 13 3 983579 2.009378371
74 82 3 2097 2.009382722
39 5 3 32021 2.009397077
51 11 3 5811 2.009401325
52 43 3 6795515 2.009404112
50 5 3 74735 2.009411068
52 0 3 17515 2.009417565
8 6 3 16904 2.009423179
5 0 3 34889 2.009423565
38 81 3 23096 2.009430733
78 4 3 6805 2.009434120
51 40 3 3311 2.009453372
10 7 3 4436 2.009456862
39 41 3 9469900 2.009463057
39 74 3 1898299 2.009465064
47 39 3 2011033 2.009466054
49 89 3 9487 2.009466101
75 76 3 9885 2.009502592
11 9 3 18602216 2.009502883
84 77 3 23420788 2.009511136
80 89 3 49632 2.009513798
83 80 3 161238 2.009528018
82 83 3 765899 2.009532629
77 76 3 15943 2.009535159
78 89 3 5785 2.009537797
3 15 3 25888 2.009542704
44 88 3 9373 2.009549935
0 15 3 49752 2.009554370
7 85 3 9663638 2.009562880
77 86 3 43838 2.009566940
89 78 3 497037 2.009568503
6 83 3 37871 2.009573981
15 13 3 61132 2.009584235
45 38 3 34807 2.009584706
8 37 3 63925 2.009586783
5 2 3 9500 2.009588208
5 0 3 3247634 2.009589837
77 82 3 77041 2.009591566
9 43 3 7662890 2.009596031
43 50 3 67565 2.009598535
77 39 3 10079 2.009602603
15 12 3 6394131 2.009606080
44 38 3 1100 2.009609107
48 82 3 60639 2.009620936
39 42 3 44651 2.009642652
87 8 3 2546 2.009649495
6 0 3 876432 2.009653082
6 12 3 58369 2.009654882
15 2 3 2002 2.009674198
43 39 3 9317483 2.009674346
1 85 3 33184 2.009679176
37 52 3 3081676 2.009683546
14 41 3 98067 2.009684950
43 47 3 75483 2.009687617
5 6 3 64609 2.009698137
85 48 3 79219 2.009698329
44 80 3 26472456 2.009699948
49 76 3 20514 2.009715730
78 10 3 15142 2.009723435
9 74 3 1273239 2.009725704
83 80 3 3089739 2.009735717
47 9 3 3115 2.009738572
82 87 3 733704 2.009750177
6 15 3 1948637 2.009761371
12 89 3 37400 2.009763652
50 51 3 32571 2.009773669
14 38 3 1580005 2.009780002
77 89 3 385188 2.009797986
4 13 3 7972135 2.009808934
44 47 3 79897 2.009809277
14 13 3 18573 2.009810117
81 87 3 86486 2.009812083
10 41 3 19144 2.009816151
3 13 3 9557932 2.009817285
39 45 3 29677 2.009822230
87 83 3 196100 2.009834982
43 14 3 62098 2.009835363
51 50 3 8508514 2.009840711
79 83 3 244542 2.009844171
9 5 3 1888147 2.009849831
85 75 3 3411 2.009850564
14 5 3 42165 2.009853258
41 48 3 4126 2.009856984
15 75 3 1975665 2.009857091
5 3 3 18101 2.009858171
8 39 3 1100844 2.009860015
74 81 3 795640 2.009864664
76 82 3 27844 2.009869131
82 85 3 1265362 2.009873352
3 41 3 53159 2.009876922
45 49 3 1167907 2.009882316
37 81 3 57976 2.009882452
6 75 3 47437 2.009887595
2 12 3 117053 2.009893541
79 84 3 7455752 2.009898020
52 51 3 6140702 2.009910721
80 88 3 8308 2.009914566
75 85 3 1859494 2.009914833
79 86 3 11899364 2.009920839
8 85 3 2533 2.009921068
45 51 3 22374 2.009922465
84 88 3 39583 2.009924924
11 46 3 125283 2.009926639
51 37 3 28235 2.009939792
50 38 3 1409254 2.009940220
85 12 3 18199 2.009946113
46 88 3 4114732 2.009954533
79 78 3 8691 2.009980919
75 39 3 42933 2.009983186
47 40 3 16442 2.009985177
8 52 3 123186 2.010001387
6 84 3 25390 2.010022704
52 51 3 51072 2.010028204
5 10 3 92854 2.010035850
14 5 3 29792 2.010043609
7 13 3 1558691 2.010045122
14 8 3 8036817 2.010046468
86 74 3 1882971 2.010061454
4 79 3 48337 2.010065513
41 38 3 6840459 2.010067388
42 15 3 7642 2.010074409
87 81 3 30414 2.010087763
86 80 3 1747727 2.010088981
7 12 3 10006 2.010095739
47 42 3 161312 2.010096514
77 14 3 7028 2.010097542
45 84 3 39553 2.010098564
76 75 3 140854 2.010100569
14 3 3 12313 2.010101771
42 2 3 55076 2.010112235
0 9 3 18878809 2.010114305
15 2 3 16443 2.010149322
8 6 3 1206154 2.010151229
37 2 3 1171114 2.010151292
39 86 3 13764772 2.010159531
6 50 3 38703 2.010162036
15 86 3 2879256 2.010164038
77 78 3 62017 2.010166690
79 75 3 9367636 2.010168183
15 8 3 4761584 2.010172921
12 0 3 3026238 2.010175715
6 41 3 7991 2.010177833
47 40 3 202830 2.010184025
79 51 3 465553 2.010185395
8 43 3 40119 2.010187626
38 3 3 3407 2.010209744
47 38 3 8588 2.010221752
11 77 3 173616 2.010228378
1 0 3 3367865 2.010246649
3 41 3 2916 2.010247801
37 10 3 13463 2.010251066
88 13 3 55505 2.010252374
80 52 3 23951 2.010258661
15 45 3 41527 2.010259337
47 50 3 8995 2.010268876
44 11 3 4450 2.010289412
47 39 3 6764254 2.010305131
38 42 3 31123 2.010309187
85 46 3 9946394 2.010315769
6 44 3 48460 2.010319548
77 40 3 7532526 2.010332985
2 44 3 112777 2.010336892
38 41 3 2043 2.010337922
38 49 3 1212 2.010345474
75 80 3 1909675 2.010349976
83 6 3 129593 2.010352045
11 50 3 69279 2.010361551
9 5 3 17706570 2.010367949
41 43 3 8991 2.010389244
74 85 3 29861 2.010395028
37 45 3 53140 2.010418832
80 0 3 687579 2.010436042
44 38 3 943881 2.010436834
74 38 3 7669 2.010438669
14 87 3 3952 2.010454814
6 41 3 49384 2.010455591
40 50 3 23725 2.010457405
39 38 3 1084499 2.010462090
44 81 3 381455 2.010464181
8 74 3 217674 2.010464446
86 77 3 69934 2.010468073
4 47 3 7211 2.010470843
51 38 3 2609586 2.010474796
38 4 3 35649 2.010475521
75 85 3 2430 2.010477466
49 83 3 20305 2.010477659
41 37 3 37100 2.010479271
7 11 3 6722 2.010480029
76 89 3 45293 2.010494434
46 50 3 1972817 2.010502197
11 89 3 1190721 2.010511922
11 10 3 1100426 2.010524143
88 3 3 44962 2.010536941
14 0 3 2 2.010544163
41 39 3 32457 2.010551761
3 14 3 9633314 2.010559634
1 77 3 5773284 2.010572980
42 39 3 473526 2.010574550
52 39 3 14354020 2.010579843
3 14 3 18380322 2.010596586
48 46 3 4871752 2.010602904
2 13 3 25186 2.010605103
38 87 3 48934 2.010608013
88 14 3 3382 2.010610560
48 47 3 3326068 2.010611723
52 15 3 2611628 2.010613274
42 6 3 1168506 2.010614103
0 2 3 6053 2.010620175
2 5 3 41186 2.010624311
43 75 3 3869381 2.010624948
5 8 3 12866 2.010626850
52 50 3 14708 2.010627077
13 76 3 4902736 2.010629388
15 10 3 316291 2.010637955
47 81 3 6010 2.010639360
88 79 3 1967089 2.010643342
87 83 3 31587 2.010656974
81 8 3 182960 2.010683252
51 45 3 21095923 2.010687710
47 38 3 14224 2.010690557
9 8 3 51090 2.010691387
10 8 3 17738 2.010694564
8 5 3 16978 2.010700478
9 15 3 20192 2.010710235
39 75 3 34863 2.010725830
83 3 3 21540 2.010743145
82 38 3 9060960 2.010744267
46 84 3 48427 2.010750409
12 46 3 7733 2.010757267
2 7 3 3497689 2.010765423
49 0 3 36309 2.010769369
5 89 3 3163189 2.010774947
9 12 3 302161 2.010788878
74 77 3 22071 2.010795287
89 77 3 2601 2.010797389
80 84 3 2626394 2.010800548
75 74 3 78759 2.010804813
42 77 3 44367 2.010818534
85 79 3 115700 2.010818755
37 9 3 723764 2.010819076
5 4 3 132771 2.010826077
85 0 3 1957224 2.010829830
9 2 3 72 2.010842784
75 84 3 200985 2.010843078
80 86 3 1576690 2.010856024
10 13 3 3912 2.010857080
47 6 3 1450851 2.010859162
38 12 3 14918917 2.010867143
85 77 3 751535 2.010868189
3 42 3 29211289 2.010869652
88 87 3 60440 2.010879689
38 37 3 48121 2.010884061
1 49 3 4997743 2.010890189
88 80 3 923204 2.010890530
79 9 3 28450256 2.010895799
81 86 3 7363424 2.010902130
80 77 3 9698225 2.010906714
76 12 3 2941494 2.010910901
44 42 3 77433 2.010910998
77 88 3 33420 2.010912172
84 51 3 837999 2.010918018
39 47 3 2533 2.010919652
47 77 3 60850 2.010920476
80 81 3 434480 2.010920647
7 3 3 5796 2.010922886
4 14 3 549858 2.010931805
52 4 3 4731325 2.010940950
39 42 3 54855 2.010946702
78 84 3 26450 2.010963712
11 49 3 2247 2.010965868
48 76 3 68830 2.010984681
86 76 3 20422 2.010990088
42 6 3 6145 2.011007567
4 42 3 23840032 2.011007669
80 79 3 9071 2.011013051
84 13 3 5798 2.011017651
79 15 3 42404 2.011020838
43 47 3 1546293 2.011038088
78 80 3 39266 2.011040266
14 0 3 20824 2.011045712
8 38 3 4074 2.011046376
46 43 3 162960 2.011056637
5 11 3 1084 2.011063366
43 49 3 924756 2.011075716
13 47 3 12583016 2.011077475
7 6 3 195510 2.011082628
46 85 3 183299 2.011083565
2 39 3 7334516 2.011085951
43 2 3 169233 2.011089045
38 41 3 29344 2.011093818
1 9 3 4949 2.011095458
86 9 3 4723011 2.011102430
80 89 3 108619 2.011108030
50 83 3 75685 2.011109054
5 6 3 1942303 2.011115753
89 82 3 17903 2.011115938
11 42 3 53584 2.011126695
13 4 3 94919 2.011129141
37 48 3 67943 2.011129144
89 87 3 33307 2.011132850
11 1 3 39840 2.011137135
52 83 3 544866 2.011137644
39 2 3 28931 2.011142118
4 49 3 149091 2.011145290
43 52 3 55014 2.011164135
82 83 3 25709573 2.011187892
2 12 3 3218536 2.011196160
79 9 3 6837 2.011198013
75 89 3 17223 2.011206101
43 88 3 1486867 2.011206373
0 6 3 7011 2.011208817
82 79 3 393728 2.011220736
50 10 3 90219 2.011221802
8 78 3 15274263 2.011229171
7 4 3 60613 2.011246195
48 1 3 52453 2.011261175
87 75 3 34992 2.011264321
10 6 3 2687390 2.011271844
39 38 3 68379 2.011273438
84 81 3 24816 2.011282554
87 39 3 33762 2.011288433
14 46 3 1473935 2.011297730
79 85 3 7971956 2.011309822
39 47 3 1755313 2.011317567
52 44 3 26328180 2.011323402
6 13 3 486 2.011326857
85 80 3 8479923 2.011341982
78 4 3 159 2.011344518
12 41 3 23646 2.011348159
5 13 3 2765628 2.011349111
40 79 3 2075463 2.011357122
48 13 3 40484 2.011364322
11 45 3 45944 2.011368886
37 84 3 1363707 2.011370885
42 37 3 47721 2.011371177
3 10 3 6587235 2.011372593
1 52 3 3005 2.011372620
11 4 3 42300 2.011380220
51 38 3 9748 2.011383513
46 50 3 74860 2.011394407
82 14 3 6450068 2.011401416
75 74 3 1300684 2.011405298
11 13 3 1746183 2.011408623
37 80 3 1101589 2.011412995
89 88 3 763577 2.011419739
38 39 3 69558 2.011433625
12 2 3 7351 2.011456402
46 48 3 53340 2.011463491
87 88 3 69126 2.011475630
9 7 3 80630 2.011479211
78 1 3 2701803 2.011487058
49 52 3 71917 2.011491028
88 75 3 176362 2.011503069
12 15 3 117709 2.011504075
9 15 3 170517 2.011509479
75 14 3 25111 2.011512267
44 0 3 9992551 2.011514336
87 88 3 67200 2.011518423
41 52 3 74657 2.011530873
82 4 3 9163431 2.011545476
49 48 3 28005164 2.011551207
6 9 3 811501 2.011551673
51 42 3 37708 2.011557272
41 8 3 1570063 2.011590734
45 12 3 45871 2.011602535
12 82 3 78604 2.011622825
4 49 3 171621 2.011622921
51 41 3 6570 2.011633020
45 40 3 78102 2.011638584
12 77 3 1609604 2.011642690
40 52 3 2425398 2.011642862
83 84 3 1183360 2.011663713
13 14 3 322478 2.011666384
11 2 3 25865 2.011674448
7 1 3 256264 2.011674985
2 79 3 2374859 2.011676288
40 89 3 462948 2.011679737
12 46 3 148279 2.011685594
74 76 3 28767 2.011689303
79 1 3 47260 2.011700270
47 89 3 29036 2.011723678
43 46 3 435329 2.011733053
11 78 3 2621006 2.011739854
85 74 3 4078036 2.011767034
40 41 3 47197 2.011780077
44 49 3 6791099 2.011790786
9 78 3 715571 2.011793495
12 88 3 40814 2.011793913
46 41 3 15143 2.011796195
80 10 3 65286 2.011797133
9 77 3 64757 2.011806114
51 39 3 3663375 2.011809107
49 52 3 46530 2.011812973
1 75 3 24330 2.011815788
4 1 3 1559049 2.011825258
49 40 3 165172 2.011829473
8 14 3 16204 2.011832490
51 47 3 14632 2.011833372
85 89 3 1949639 2.011845968
46 85 3 8164 2.011851706
4 13 3 84313 2.011854919
0 15 3 552525 2.011859275
4 12 3 10392793 2.011884881
6 38 3 2669527 2.011899832
3 48 3 952 2.011901752
87 78 3 20490187 2.011917140
47 48 3 7711 2.011918735
14 11 3 19067377 2.011921960
10 13 3 48386 2.011942581
14 13 3 21084 2.011946243
49 82 3 7697 2.011948264
79 80 3 43516 2.011949968
85 38 3 132946 2.011955701
4 12 3 59419 2.011968757
10 5 3 62298 2.011973203
7 4 3 3527546 2.011990986
42 74 3 50805 2.012015759
41 87 3 5133 2.012021201
9 77 3 4931 2.012021383
8 40 3 31161 2.012024819
84 76 3 44675 2.012030934
0 4 3 4166050 2.012035634
8 2 3 20302 2.012035695
38 40 3 3282 2.012058233
42 5 3 1499380 2.012068691
11 7 3 1175 2.012083814
7 77 3 22753 2.012097496
85 74 3 4818769 2.012101801
13 83 3 24522 2.012116396
12 49 3 137109 2.012117450
7 13 3 1247764 2.012118431
43 45 3 4436391 2.012119112
78 80 3 4848446 2.012128951
83 78 3 659186 2.012131090
37 84 3 8732655 2.012138299
85 76 3 968984 2.012141387
49 7 3 678412 2.012149993
44 80 3 136049 2.012150269
39 43 3 1739252 2.012170137
6 9 3 14310 2.012170695
0 76 3 2804076 2.012170928
5 7 3 1393884 2.012176034
39 12 3 3567649 2.012176600
15 47 3 29502 2.012180010
6 2 3 51098 2.012184836
39 37 3 12585 2.012185212
41 40 3 78598 2.012189557
48 40 3 1844703 2.012192258
83 78 3 3146 2.012193128
10 15 3 2951222 2.012198997
10 6 3 4643 2.012208941
45 43 3 10125 2.012209735
8 14 3 48626 2.012210339
38 45 3 43824 2.012211461
15 3 3 40409 2.012215905
48 50 3 41600 2.012221453
46 40 3 1206139 2.012222273
86 79 3 28780 2.012223943
11 6 3 35004 2.012228059
38 45 3 41752 2.012231284
2 5 3 4906610 2.012232884
85 10 3 56350 2.012237150
48 9 3 27999 2.012254586
7 42 3 78530 2.012256185
47 80 3 29609 2.012257601
9 6 3 2710692 2.012261666
85 74 3 30328 2.012262791
77 81 3 26418 2.012264524
15 79 3 1569397 2.012271297
41 14 3 43275 2.012272974
41 8 3 2239131 2.012275303
81 79 3 27540 2.012276191
4 10 3 24934 2.012277582
9 0 3 107 2.012278600
15 2 3 3147492 2.012289555
83 82 3 62977 2.012302636
76 40 3 117465 2.012311703
47 82 3 79024 2.012323832
76 74 3 4736 2.012324790
46 1 3 236541 2.012325585
86 74 3 1909932 2.012330971
0 87 3 52249 2.012333680
8 2 3 229 2.012341484
74 87 3 38231 2.012358192
83 0 3 32232 2.012367507
40 1 3 2064890 2.012370592
44 46 3 26504604 2.012376997
74 86 3 131496 2.012392295
42 79 3 1954 2.012402486
51 89 3 728006 2.012402690
1 83 3 29353942 2.012419383
3 9 3 276737 2.012424346
87 84 3 1603627 2.012425492
52 37 3 65441 2.012431137
38 50 3 17120931 2.012438907
46 9 3 40818 2.012444529
75 42 3 8657 2.012447491
50 42 3 1538445 2.012455895
12 84 3 734786 2.012457595
75 74 3 15477 2.012459522
8 14 3 102162 2.012459839
74 85 3 52537 2.012467965
87 75 3 61273 2.012477950
87 81 3 574952 2.012488573
6 49 3 7417 2.012506130
13 0 3 6117 2.012510963
50 87 3 404694 2.012515063
42 51 3 40992 2.012516729
52 43 3 4300269 2.012520494
49 44 3 29752 2.012535216
8 1 3 5333429 2.012536004
14 42 3 1899404 2.012544258
47 42 3 44512 2.012554841
81 87 3 2889 2.012563519
41 7 3 4603068 2.012570318
47 11 3 71887 2.012577890
40 77 3 719685 2.012585294
12 1 3 8543279 2.012585650
37 46 3 52181 2.012586237
47 42 3 23607 2.012587912
6 76 3 1949266 2.012592604
10 6 3 28309983 2.012599993
47 50 3 28589 2.012605703
10 41 3 41199 2.012612072
37 88 3 39870 2.012615979
44 38 3 188942 2.012625823
52 75 3 4782784 2.012635626
76 75 3 77011 2.012636840
10 0 3 25821 2.012640195
0 48 3 962023 2.012656390
82 88 3 8814049 2.012664471
46 7 3 3180185 2.012664640
14 51 3 14810260 2.012667138
78 84 3 36006 2.012671086
89 39 3 24999 2.012672217
41 80 3 58318 2.012680850
8 15 3 7610 2.012688803
38 51 3 71301 2.012701119
12 40 3 1723292 2.012720293
84 42 3 5218496 2.012722098
10 9 3 45852 2.012731897
89 88 3 47683 2.012742597
74 75 3 601326 2.012748788
80 12 3 19378323 2.012749306
1 79 3 76130 2.012763451
75 85 3 14518 2.012764334
45 46 3 4192 2.012767024
44 81 3 1462642 2.012772138
41 11 3 1043482 2.012780878
7 8 3 50369 2.012789729
15 39 3 42484 2.012791229
4 9 3 626849 2.012793294
43 48 3 3818990 2.012800562
4 5 3 54809 2.012801775
2 15 3 209525 2.012811111
48 80 3 260739 2.012814480
77 76 3 37938 2.012819664
42 46 3 5454 2.012825100
11 9 3 15013 2.012832932
3 4 3 2210945 2.012838598
75 85 3 339797 2.012842888
86 82 3 17481 2.012843610
40 5 3 218496 2.012850145
38 45 3 26129 2.012854365
83 75 3 58788 2.012860924
42 74 3 1763554 2.012872401
39 0 3 2362 2.012875998
5 2 3 611621 2.012877394
14 13 3 7162035 2.012880924
2 12 3 6654 2.012898717
14 74 3 28209 2.012903438
79 6 3 1167090 2.012903708
40 83 3 29244 2.012915308
12 86 3 7588247 2.012916026
52 86 3 2062724 2.012917698
74 89 3 23611 2.012924706
38 49 3 59765 2.012925143
41 75 3 45172 2.012925449
76 78 3 1946469 2.012928538
9 39 3 6665 2.012933964
0 10 3 2040899 2.012936981
50 45 3 554424 2.012940086
10 3 3 2450251 2.012946464
80 11 3 1545565 2.012949293
1 11 3 49721 2.012951005
0 77 3 5166551 2.012951302
11 86 3 78897 2.012959725
4 3 3 21835 2.012963802
86 84 3 36301 2.012972737
52 2 3 76928 2.012974426
49 13 3 4559904 2.012986076
52 42 3 126343 2.012996151
89 12 3 4350 2.013005028
1 13 3 20393 2.013005575
50 4 3 3832929 2.013009335
41 39 3 25312 2.013015677
51 37 3 4835 2.013023612
0 84 3 127260 2.013026672
38 42 3 54144 2.013028006
50 4 3 9979 2.013028132
6 15 3 53696 2.013030714
44 79 3 5833 2.013032436
10 12 3 41224 2.013035080
38 76 3 2383 2.013037950
48 7 3 74186 2.013052813
81 79 3 29422036 2.013084125
6 5 3 25048 2.013085806
0 12 3 29132 2.013094188
10 1 3 9244526 2.013095940
77 82 3 87384 2.013100663
13 80 3 9884 2.013109747
6 80 3 279473 2.013110025
89 76 3 43853 2.013120282
89 75 3 180531 2.013120591
42 46 3 68989 2.013121501
43 41 3 6736 2.013124012
79 75 3 338510 2.013125346
6 9 3 16664 2.013129823
7 40 3 3306206 2.013136790
6 39 3 1197301 2.013149712
11 4 3 2595 2.013155183
82 77 3 21297 2.013173251
82 44 3 32734 2.013177570
10 87 3 55794 2.013178076
49 39 3 60513 2.013178153
37 38 3 99058 2.013186076
47 12 3 13066 2.013189466
4 2 3 142927 2.013191640
7 89 3 23776 2.013195757
42 6 3 31625 2.013197305
1 83 3 162577 2.013200088
80 86 3 1029929 2.013211031
47 41 3 68722 2.013212955
37 47 3 5183089 2.013213242
80 6 3 9724111 2.013238093
43 44 3 688 2.013242743
5 45 3 73414 2.013242761
41 44 3 24997 2.013248581
11 45 3 34890 2.013253882
1 84 3 4949378 2.013272527
89 79 3 4374364 2.013275951
6 74 3 12184 2.013278063
77 85 3 23073302 2.013280468
37 43 3 29193 2.013281392
42 74 3 9867911 2.013283447
7 0 3 760049 2.013292356
85 15 3 3163 2.013299409
3 78 3 8713 2.013301844
86 76 3 25856 2.013304090
4 6 3 23002 2.013305208
82 78 3 1487607 2.013306947
5 6 3 8998 2.013325273
42 85 3 1313384 2.013326326
9 2 3 8045 2.013328996
41 44 3 891503 2.013335268
13 8 3 1127966 2.013337785
14 76 3 79119 2.013338688
3 5 3 64840 2.013342532
49 2 3 94282 2.013348451
6 9 3 12493342 2.013352342
8 15 3 55806 2.013362092
87 0 3 24413 2.013365096
46 45 3 57305 2.013370535
3 86 3 25525 2.013373746
1 12 3 2423424 2.013374985
13 40 3 2545016 2.013376542
52 50 3 3042794 2.013387580
49 47 3 48735 2.013388789
39 83 3 86396 2.013392284
84 80 3 2189041 2.013392478
78 79 3 38265 2.013393836
11 5 3 1061126 2.013408280
2 5 3 167888 2.013408968
42 82 3 889012 2.013423674
45 39 3 63674 2.013431181
15 44 3 6349771 2.013435219
5 6 3 1952608 2.013452856
80 74 3 8621365 2.013464014
44 15 3 387931 2.013474864
9 4 3 65669 2.013479114
78 79 3 1211909 2.013496360
83 86 3 115301 2.013514873
75 88 3 2885 2.013515863
1 15 3 105402 2.013543817
76 81 3 4643 2.013544469
75 77 3 74474 2.013547810
0 10 3 69167 2.013547908
4 48 3 3751177 2.013553981
6 12 3 25816 2.013556581
4 12 3 7675475 2.013558010
43 42 3 4229 2.013559141
7 83 3 890081 2.013569993
78 79 3 3276487 2.013570016
78 51 3 37808 2.013571176
9 7 3 10242 2.013571357
13 89 3 76400 2.013574705
81 1 3 67000 2.013585260
40 45 3 51503 2.013587100
87 50 3 1087184 2.013587598
10 38 3 53036 2.013602102
43 45 3 57212 2.013605613
83 89 3 341032 2.013612476
87 82 3 56057 2.013624869
1 89 3 9231384 2.013625050
3 41 3 4533009 2.013641205
50 38 3 336 2.013650986
7 6 3 48104 2.013651815
12 13 3 2575047 2.013655772
6 3 3 20652 2.013658281
38 37 3 4336 2.013660624
77 75 3 76800 2.013667607
48 37 3 4321 2.013669706
83 78 3 73068 2.013701458
46 76 3 22434 2.013718769
78 86 3 47583 2.013730132
8 0 3 6514 2.013731619
47 37 3 1428017 2.013736099
38 14 3 25071 2.013736710
38 13 3 256253 2.013748200
86 77 3 50655 2.013761769
52 45 3 137 2.013761865
52 48 3 20890178 2.013767404
6 11 3 4507691 2.013778368
15 83 3 1781159 2.013778775
37 76 3 30545 2.013780848
4 5 3 2415 2.013783528
44 5 3 1075352 2.013795902
9 81 3 1256 2.013814995
76 84 3 47428 2.013827043
86 14 3 24711 2.013831858
49 47 3 266495 2.013839111
11 77 3 6584534 2.013843172
15 8 3 116438 2.013844036
14 49 3 1963981 2.013846323
76 84 3 43672 2.013849278
48 38 3 9932 2.013873538
52 42 3 27765 2.013882210
46 43 3 29035 2.013883503
80 86 3 20703 2.013884229
86 75 3 64157 2.013900516
0 5 3 136764 2.013909619
14 8 3 2717 2.013914132
84 89 3 880935 2.013920154
50 4 3 53956 2.013922830
87 37 3 3724 2.013924489
79 4 3 72701 2.013930352
76 78 3 4408 2.013932927
1 12 3 9283288 2.013933389
81 82 3 52054 2.013939308
3 8 3 276932 2.013949364
45 52 3 54171 2.013951830
4 79 3 11714 2.013954844
85 37 3 35871 2.013961642
12 89 3 37528 2.013961852
82 76 3 25686 2.013970382
51 50 3 9196071 2.013971132
76 77 3 128273 2.013972452
7 74 3 5468331 2.013976534
37 46 3 64133 2.013978273
12 9 3 170968 2.013984639
74 12 3 755571 2.013992621
15 74 3 17749 2.013997204
12 5 3 19775552 2.014016174
4 8 3 33249 2.014021292
13 51 3 35959 2.014028076
0 83 3 4351383 2.014034253
6 11 3 1288 2.014050027
14 4 3 190682 2.014050243
15 3 3 1503186 2.014055879
81 83 3 4041 2.014058478
80 13 3 1219240 2.014062492
4 6 3 28324 2.014066833
81 86 3 47933 2.014069937
15 48 3 20583 2.014071027
3 0 3 5266059 2.014074098
38 37 3 23894 2.014080204
41 46 3 25453 2.014084948
15 0 3 1095440 2.014089027
77 75 3 3752 2.014090008
51 82 3 25335483 2.014105776
50 48 3 60733 2.014106393
4 3 3 29831302 2.014113583
77 88 3 20614 2.014122681
9 51 3 1385602 2.014129727
75 86 3 264046 2.014131400
48 49 3 167053 2.014132331
0 77 3 66043 2.014132599
87 37 3 13584 2.014134099
87 75 3 1399 2.014136083
49 77 3 15867 2.014144963
42 45 3 35323 2.014149258
1 7 3 250790 2.014151108
11 9 3 3390596 2.014157474
76 6 3 149748 2.014168882
13 1 3 71601 2.014177195
88 84 3 430963 2.014178905
48 42 3 76648 2.014187075
89 88 3 3926221 2.014190523
43 37 3 34248 2.014207525
51 42 3 606531 2.014209974
13 14 3 10852 2.014217199
51 40 3 40282 2.014224343
2 11 3 2208441 2.014228870
85 82 3 79534 2.014236514
77 7 3 2630 2.014237303
7 12 3 435402 2.014245482
84 82 3 860858 2.014250464
14 85 3 26265 2.014251443
40 8 3 1775732 2.014252813
41 86 3 75447 2.014256643
74 10 3 7740 2.014263695
85 41 3 487056 2.014287299
38 37 3 35639 2.014301997
85 78 3 9367 2.014321131
51 83 3 41383 2.014324995
38 12 3 5995205 2.014325555
80 39 3 48596 2.014332194
51 12 3 200761 2.014332895
46 39 3 74343 2.014336139
15 11 3 486834 2.014346622
38 13 3 47063 2.014353381
37 47 3 1111 2.014360357
13 10 3 495683 2.014360553
0 42 3 2357483 2.014361551
10 3 3 9986 2.014368234
89 87 3 576727 2.014382811
47 48 3 1450135 2.014384523
49 39 3 662386 2.014388034
6 41 3 73298 2.014416668
49 37 3 22975 2.014429945
88 15 3 755432 2.014430349
9 0 3 1196379 2.014437476
3 13 3 24211 2.014453605
1 4 3 3915431 2.014460553
48 80 3 898681 2.014473177
41 51 3 75976 2.014482702
6 74 3 5286686 2.014491805
85 79 3 4305 2.014494009
5 81 3 112954 2.014496108
46 47 3 128172 2.014496899
45 43 3 4668962 2.014498828
5 3 3 1538309 2.014507955
83 75 3 1311621 2.014514823
43 47 3 737810 2.014528338
40 2 3 59833 2.014528865
41 46 3 103007 2.014533590
88 89 3 3799499 2.014536073
10 75 3 15548738 2.014539557
88 48 3 8965112 2.014547672
75 84 3 21129 2.014551804
76 83 3 452546 2.014555404
88 81 3 29666 2.014570752
42 41 3 1602 2.014571186
40 0 3 1743308 2.014571835
7 1 3 6234 2.014572022
0 11 3 3017038 2.014577048
85 86 3 21167 2.014580041
75 79 3 18178534 2.014589286
48 41 3 5390887 2.014596538
7 0 3 62756 2.014596573
76 79 3 826858 2.014597348
38 15 3 146802 2.014598056
41 52 3 6519 2.014602251
5 15 3 36482 2.014604474
8 87 3 19763 2.014606172
13 12 3 3704310 2.014611474
38 87 3 20391203 2.014617682
89 80 3 32150 2.014619810
15 78 3 7764 2.014627258
48 88 3 51984 2.014632109
45 44 3 2669193 2.014655519
87 82 3 6401708 2.014659301
2 85 3 606 2.014673487
50 43 3 6720 2.014678103
87 5 3 5562076 2.014681409
3 76 3 2712 2.014691020
2 14 3 30638 2.014692368
41 39 3 1275060 2.014693838
46 39 3 19118 2.014705008
51 81 3 1092564 2.014721399
81 9 3 4218618 2.014722746
44 40 3 22011 2.014726098
5 47 3 29743 2.014726582
46 50 3 4379944 2.014729585
8 4 3 52239 2.014731713
9 86 3 293712 2.014737426
37 9 3 9160463 2.014738608
9 79 3 66332 2.014741000
0 7 3 666612 2.014756050
43 50 3 28754 2.014786295
88 52 3 5052617 2.014793686
41 8 3 74308 2.014801796
11 5 3 5819265 2.014806168
11 76 3 8246 2.014817746
6 3 3 730259 2.014841090
48 51 3 4195977 2.014857863
43 51 3 42106 2.014858636
44 42 3 2495825 2.014859020
44 43 3 63053 2.014869542
80 4 3 5092161 2.014875123
74 86 3 4551061 2.014879966
4 77 3 3659842 2.014892990
5 9 3 1107816 2.014898193
83 79 3 291203 2.014904675
41 82 3 69804 2.014910017
11 6 3 28302 2.014911907
48 3 3 59445 2.014918173
74 3 3 33379 2.014924689
6 0 3 4319 2.014938151
49 76 3 44803 2.014938237
43 49 3 71959 2.014943065
83 7 3 63832 2.014944789
4 46 3 1836953 2.014945587
75 8 3 691384 2.014951265
41 2 3 23300 2.014953855
88 75 3 77508 2.014956022
45 76 3 4791838 2.014957527
51 52 3 4205606 2.014958137
7 51 3 19081 2.014959383
10 87 3 67690 2.014977534
5 15 3 6490198 2.014979991
45 82 3 4536959 2.014989699
81 87 3 15337 2.015010398
84 51 3 23445 2.015015606
45 88 3 8177 2.015024991
48 42 3 510596 2.015027721
37 48 3 191529 2.015030791
41 51 3 1421054 2.015032241
52 45 3 1617618 2.015033155
76 89 3 199052 2.015035160
88 9 3 8242439 2.015035179
13 48 3 1476748 2.015050993
52 48 3 1575102 2.015059847
4 2 3 37903 2.015064386
41 75 3 6263 2.015064916
84 15 3 311021 2.015071295
11 43 3 534269 2.015077844
76 84 3 4930228 2.015083523
6 15 3 42459 2.015088130
51 43 3 16530 2.015089030
77 46 3 4675771 2.015092753
4 52 3 24698 2.015105529
9 11 3 62051 2.015114762
46 42 3 1010084 2.015118324
6 15 3 24292 2.015133966
89 82 3 3795615 2.015141891
81 75 3 5276 2.015142458
48 77 3 4957 2.015143742
82 50 3 65808 2.015145950
42 0 3 2107551 2.015154508
80 89 3 16302 2.015157982
88 51 3 9185 2.015163189
9 8 3 445360 2.015163198
86 79 3 195708 2.015170022
88 86 3 1695176 2.015177359
85 52 3 473478 2.015188973
83 78 3 3582 2.015199198
40 2 3 257427 2.015206880
12 9 3 38482 2.015226593
11 44 3 603526 2.015243420
5 8 3 993199 2.015243790
86 88 3 35227 2.015246816
14 1 3 56070 2.015253298
80 50 3 39823 2.015258020
11 81 3 996028 2.015260129
88 80 3 23929 2.015274023
76 43 3 5953 2.015277982
9 46 3 72608 2.015280238
79 77 3 6365 2.015295620
82 4 3 16286 2.015300488
78 14 3 1336066 2.015308163
8 3 3 66611 2.015308285
86 82 3 29465938 2.015321609
51 43 3 890879 2.015321774
4 44 3 476918 2.015330404
50 0 3 27232 2.015336225
5 10 3 39275 2.015343206
86 39 3 1700744 2.015344003
11 4 3 45393 2.015345953
81 87 3 1122341 2.015360538
87 85 3 458376 2.015362667
9 84 3 11446830 2.015370886
0 2 3 45943 2.015377724
40 85 3 4951371 2.015392711
49 51 3 8252443 2.015393508
9 79 3 76593 2.015403039
51 39 3 23522 2.015406438
88 7 3 22635 2.015425203
87 76 3 3543 2.015429360
50 43 3 74570 2.015436145
88 77 3 5819 2.015437776
41 0 3 777895 2.015439878
4 13 3 1874 2.015445119
39 14 3 300190 2.015458457
83 86 3 1532239 2.015467932
47 49 3 20521 2.015470065
2 4 3 6123590 2.015475701
8 6 3 2518215 2.015476857
8 51 3 1409106 2.015479544
41 39 3 4392 2.015496062
3 1 3 53040 2.015506332
1 13 3 8643285 2.015515162
13 9 3 27691 2.015516406
47 46 3 8075 2.015520257
74 81 3 25194 2.015520808
41 51 3 76988 2.015525802
79 13 3 38914 2.015526337
14 9 3 60014 2.015545174
48 11 3 1795592 2.015546268
80 83 3 42357 2.015546517
80 75 3 2578799 2.015547343
83 76 3 5915 2.015557266
89 76 3 72813 2.015567495
37 43 3 9847053 2.015572481
40 1 3 9120 2.015582911
12 43 3 24522 2.015592819
43 37 3 7710 2.015594597
40 47 3 37845 2.015612662
38 50 3 187387 2.015623717
47 42 3 995327 2.015633983
80 83 3 17735 2.015646703
44 76 3 2392387 2.015648507
83 80 3 194359 2.015660599
87 1 3 5036542 2.015663196
82 79 3 909780 2.015677087
51 50 3 19172 2.015679271
81 80 3 18148 2.015682959
47 8 3 52212 2.015687649
4 80 3 58404 2.015692004
84 81 3 38469 2.015697530
50 2 3 8947 2.015705988
75 81 3 4863 2.015706891
79 87 3 1850783 2.015716278
12 11 3 9038687 2.015741954
46 52 3 4152590 2.015751481
42 82 3 49909 2.015753841
50 13 3 1856339 2.015769017
15 4 3 2809140 2.015769804
9 85 3 1861413 2.015774448
88 12 3 383688 2.015800254
9 7 3 1471344 2.015813496
8 45 3 2413923 2.015818086
46 81 3 448196 2.015822839
80 89 3 65042 2.015832566
15 81 3 30202 2.015838975
51 47 3 972851 2.015841746
43 40 3 8358 2.015847319
14 5 3 59634 2.015847834
49 41 3 159 2.015850668
45 86 3 25542 2.015855729
12 50 3 7417 2.015856195
0 4 3 5636284 2.015857232
80 40 3 3809614 2.015870255
47 48 3 9747 2.015872715
12 3 3 8073771 2.015875818
42 40 3 64751 2.015879607
49 5 3 4339115 2.015891633
3 14 3 5838709 2.015899049
78 77 3 581948 2.015900174
7 75 3 7044 2.015911663
6 49 3 61760 2.015913924
50 47 3 28500 2.015914930
78 87 3 5198701 2.015922731
7 0 3 1072403 2.015922851
5 79 3 56587 2.015934748
82 84 3 16129860 2.015939074
41 76 3 43886 2.015940917
49 52 3 79570 2.015941172
2 51 3 75107 2.015943324
83 74 3 1729675 2.015947131
75 50 3 259060 2.015948303
87 81 3 1405090 2.015959013
88 41 3 2901 2.015962941
49 51 3 220405 2.015971173
76 39 3 14728 2.015972771
51 41 3 559560 2.015976894
52 41 3 26824 2.015981039
86 87 3 4763426 2.015985425
89 3 3 334126 2.015989810
82 77 3 4793 2.015996778
3 10 3 24997 2.015997831
6 42 3 917340 2.016005893
82 37 3 6918215 2.016007692
1 87 3 23446 2.016009929
82 81 3 1901878 2.016021064
2 3 3 1002531 2.016044512
81 79 3 2442272 2.016050170
78 74 3 47315 2.016052235
85 78 3 54255 2.016057050
13 1 3 8773494 2.016057981
76 6 3 26377 2.016057994
2 52 3 59983 2.016058089
49 37 3 1769617 2.016063256
5 4 3 159645 2.016078905
83 1 3 32820 2.016083868
8 7 3 8412044 2.016085403
37 49 3 1585451 2.016094128
46 45 3 15106 2.016095300
4 7 3 728643 2.016112626
43 0 3 49842 2.016114849
79 13 3 41159 2.016118641
44 52 3 4889 2.016137139
74 82 3 3716154 2.016138971
9 0 3 3625780 2.016141145
75 80 3 1560996 2.016147018
82 83 3 501037 2.016149141
77 75 3 2046 2.016151843
15 81 3 3800458 2.016153965
80 85 3 8820058 2.016173421
4 47 3 489738 2.016181535
9 14 3 28876 2.016181884
83 15 3 416405 2.016192570
42 49 3 4686677 2.016192855
3 2 3 44371 2.016195677
2 47 3 23630 2.016210387
45 49 3 26065 2.016227219
13 0 3 58278 2.016229825
77 79 3 28054 2.016244454
81 78 3 27494 2.016250477
78 41 3 67645 2.016253496
41 1 3 44466 2.016254438
50 75 3 64233 2.016254937
51 5 3 30281 2.016262178
46 43 3 8205 2.016263094
3 40 3 964994 2.016264079
15 37 3 611 2.016264362
85 78 3 1280 2.016278736
39 40 3 37722 2.016281601
81 83 3 68855 2.016288234
6 13 3 3475882 2.016298553
81 89 3 163539 2.016312827
83 47 3 2558974 2.016314937
87 74 3 1059161 2.016315204
0 6 3 7832472 2.016318339
8 1 3 45389 2.016318667
10 4 3 23343 2.016337855
10 78 3 26833 2.016341624
88 82 3 1619609 2.016344727
86 74 3 460668 2.016348322
84 89 3 43559 2.016372743
0 3 3 74642 2.016379136
80 81 3 3651 2.016383563
49 88 3 76652 2.016388602
9 47 3 165085 2.016390575
0 5 3 1557552 2.016405934
89 81 3 45777 2.016415749
10 45 3 443177 2.016415801
6 5 3 29859 2.016416282
37 48 3 49774 2.016422374
14 9 3 3109632 2.016422663
84 78 3 3277 2.016426139
38 9 3 8604 2.016443956
4 0 3 22675 2.016449629
5 14 3 148032 2.016453657
84 79 3 524308 2.016458243
78 77 3 20858 2.016464048
42 43 3 62059 2.016470643
43 85 3 31572 2.016473934
44 39 3 1139901 2.016482071
89 84 3 11488 2.016482734
88 3 3 5764 2.016484166
76 46 3 2485392 2.016498624
8 2 3 59672 2.016501441
1 7 3 4816645 2.016503344
8 4 3 20510 2.016505768
81 89 3 146984 2.016509067
5 41 3 1945 2.016514757
12 50 3 35730 2.016515276
10 48 3 2072 2.016534288
48 75 3 7327592 2.016536733
52 40 3 3708837 2.016539760
77 51 3 2630 2.016545740
15 3 3 63616 2.016546305
81 83 3 34796 2.016547506
86 87 3 583389 2.016549338
49 52 3 180225 2.016555655
0 15 3 13801 2.016557866
86 77 3 2411275 2.016565097
51 82 3 64166 2.016567229
47 45 3 1131815 2.016570156
85 3 3 3002082 2.016580448
7 11 3 1552893 2.016588302
37 74 3 22244 2.016591214
12 15 3 9981 2.016596907
37 75 3 4014 2.016611300
47 40 3 771016 2.016618485
80 81 3 65901 2.016627399
80 83 3 24898 2.016628595
50 14 3 1356677 2.016644228
37 85 3 16485 2.016649317
47 51 3 47840 2.016650228
37 77 3 13075 2.016658460
83 81 3 27258 2.016659560
52 41 3 20121 2.016671041
8 9 3 143501 2.016691237
37 45 3 97204 2.016729155
75 83 3 26543 2.016730234
87 5 3 54893 2.016736998
43 42 3 55204 2.016738692
10 3 3 19764932 2.016747011
6 0 3 4423 2.016754354
40 47 3 105279 2.016760256
83 88 3 1832324 2.016761900
14 37 3 28144 2.016762789
80 77 3 9330368 2.016772068
85 87 3 8444 2.016779449
8 84 3 14911 2.016781391
47 43 3 9691385 2.016791429
1 50 3 12471426 2.016793168
43 52 3 714138 2.016797240
9 11 3 3820273 2.016797767
80 0 3 154440 2.016817277
81 51 3 30892 2.016823227
2 15 3 8847045 2.016831640
8 10 3 73594 2.016836426
80 79 3 6479 2.016839224
41 86 3 1981272 2.016839470
37 49 3 2388405 2.016854808
15 3 3 4816001 2.016865566
40 37 3 74955 2.016867587
11 76 3 25927 2.016877238
12 15 3 25890073 2.016884655
38 46 3 1958776 2.016901598
49 43 3 60272 2.016909239
38 50 3 25119 2.016909592
74 76 3 3933493 2.016912178
86 80 3 38040 2.016917096
86 40 3 43898 2.016919828
50 42 3 8238 2.016922598
82 79 3 1494491 2.016928056
44 74 3 282371 2.016945726
0 13 3 3334 2.016962394
80 78 3 4433989 2.016968046
0 48 3 153499 2.016973238
85 15 3 20083 2.016990679
41 42 3 20846 2.016996111
74 87 3 3617512 2.017029761
7 4 3 49335 2.017033643
2 44 3 525779 2.017051698
81 78 3 18918 2.017064684
5 10 3 7667987 2.017070625
82 74 3 71377 2.017081148
51 40 3 9734380 2.017092207
9 4 3 33929 2.017097751
78 75 3 14275 2.017103638
48 45 3 1496739 2.017109490
39 3 3 1271788 2.017111595
37 45 3 1263128 2.017113122
47 50 3 63507 2.017120272
88 43 3 1843538 2.017121334
11 42 3 6397451 2.017123113
0 11 3 131055 2.017127838
15 9 3 4151178 2.017132844
10 2 3 2571654 2.017136029
1 85 3 5664 2.017137017
8 79 3 30911 2.017138251
50 13 3 24475343 2.017141910
10 9 3 29183 2.017145672
11 8 3 315 2.017148464
1 83 3 900530 2.017157239
78 83 3 1968611 2.017172110
82 74 3 28629 2.017172940
48 52 3 957273 2.017173782
8 5 3 26159 2.017196379
46 47 3 3546 2.017197572
81 89 3 7909 2.017224675
79 1 3 116362 2.017225564
49 76 3 1681814 2.017231141
50 76 3 3048 2.017232102
0 75 3 1265326 2.017234960
81 74 3 172794 2.017244456
83 42 3 1888 2.017245202
2 7 3 24389 2.017245375
11 79 3 1263319 2.017270114
51 52 3 28122 2.017273982
38 79 3 13621 2.017278451
4 83 3 20455 2.017294626
1 3 3 13841 2.017295077
5 3 3 1000078 2.017295968
74 3 3 23667 2.017296617
78 88 3 77076 2.017305476
83 74 3 8105 2.017308100
46 87 3 4081094 2.017314770
8 89 3 2396118 2.017324076
13 1 3 18116 2.017328597
45 51 3 6116 2.017329486
3 2 3 131754 2.017334497
5 12 3 2957 2.017348830
77 47 3 25491 2.017351284
79 75 3 6791 2.017358050
76 80 3 4917274 2.017366058
85 11 3 24805265 2.017373548
3 0 3 23853 2.017380008
3 0 3 6359 2.017386354
46 39 3 24611 2.017389270
43 77 3 31623 2.017393756
50 79 3 3388292 2.017396776
1 14 3 1799782 2.017398640
44 46 3 74761 2.017403617
81 38 3 2896445 2.017407580
80 88 3 910810 2.017415308
42 49 3 2608259 2.017425674
40 52 3 58855 2.017452089
5 8 3 28436 2.017460943
5 14 3 5213 2.017466651
49 89 3 736746 2.017478157
78 49 3 3882 2.017480526
9 6 3 669 2.017482215
42 46 3 67357 2.017484797
40 47 3 216522 2.017489682
48 0 3 31425 2.017496125
42 43 3 21469 2.017501084
1 42 3 120326 2.017502199
76 84 3 1091552 2.017502794
6 4 3 1743112 2.017524404
78 79 3 27177 2.017526479
2 15 3 20194 2.017535484
38 44 3 6337844 2.017536506
86 88 3 33852 2.017546270
43 81 3 6991648 2.017546616
11 77 3 37527 2.017548297
39 11 3 105198 2.017571100
76 13 3 28079 2.017574204
79 88 3 13896704 2.017576908
43 78 3 194473 2.017592795
78 84 3 27511 2.017595007
7 8 3 63063 2.017600971
5 11 3 72402 2.017611524
13 82 3 1502 2.017615275
4 89 3 22868 2.017618247
89 77 3 16006 2.017636416
77 84 3 146214 2.017640678
75 76 3 53620 2.017648137
78 79 3 34228 2.017654010
12 8 3 88676 2.017655034
39 3 3 21 2.017664761
86 84 3 31357 2.017671569
89 43 3 7965207 2.017683570
12 9 3 121435 2.017683971
86 77 3 4459 2.017690104
50 52 3 437445 2.017699194
47 46 3 390145 2.017705622
50 4 3 75475 2.017710563
37 47 3 20881 2.017736634
88 89 3 815612 2.017737655
47 48 3 29705 2.017741020
11 15 3 8128 2.017746536
52 76 3 57804 2.017751179
41 48 3 138487 2.017755139
44 77 3 4368 2.017755646
40 44 3 1751268 2.017758085
14 83 3 13417 2.017759058
1 8 3 17436 2.017759098
9 10 3 7064541 2.017759789
11 13 3 6834692 2.017769069
1 12 3 1365131 2.017769223
6 12 3 28749 2.017772628
45 52 3 4240742 2.017777101
10 8 3 75820 2.017777663
75 40 3 29588 2.017784548
44 37 3 3084159 2.017789250
0 9 3 3011298 2.017800727
8 15 3 75030 2.017808199
81 88 3 2214744 2.017812569
52 14 3 7333 2.017826958
84 80 3 74986 2.017830878
0 82 3 712387 2.017832000
76 2 3 1444958 2.017848245
39 40 3 4586 2.017855012
47 7 3 65760 2.017870942
52 5 3 4663 2.017875989
87 79 3 7532 2.017881496
38 8 3 2093 2.017897907
76 77 3 5987 2.017901394
84 2 3 1333409 2.017907248
44 83 3 17668 2.017910123
13 5 3 628437 2.017910921
81 52 3 82366 2.017914351
47 40 3 791883 2.017917999
39 49 3 998596 2.017919275
42 84 3 46646 2.017925061
13 41 3 63773 2.017939255
12 82 3 6719039 2.017946959
11 7 3 4605347 2.017958782
6 8 3 81730 2.017960375
5 13 3 4381919 2.017971966
79 80 3 194261 2.017974103
0 87 3 4419797 2.017983402
6 40 3 28624 2.017983869
7 9 3 79909 2.017985476
11 12 3 2550 2.017988770
78 88 3 58707 2.017993000
78 84 3 34239 2.017994106
47 48 3 23969 2.017999397
15 80 3 25006 2.017999484
5 37 3 24738 2.018008232
46 44 3 1887462 2.018012193
13 11 3 12777 2.018031085
13 0 3 54261 2.018034976
44 79 3 24954 2.018043809
85 88 3 154133 2.018065370
51 89 3 66824 2.018083804
2 15 3 769478 2.018087077
77 81 3 2156 2.018087171
1 14 3 68570 2.018091385
38 86 3 403462 2.018092331
87 85 3 54077 2.018108251
85 87 3 17508 2.018111782
40 84 3 48682 2.018112381
8 15 3 35910 2.018114929
87 77 3 27841 2.018116140
80 76 3 20781 2.018118976
12 13 3 40523 2.018119499
87 41 3 8543 2.018122978
46 40 3 23726 2.018125160
42 51 3 1609305 2.018128770
11 0 3 9799009 2.018142183
88 11 3 68953 2.018152269
81 14 3 13313 2.018152617
83 85 3 93443 2.018164303
37 15 3 390568 2.018170279
7 43 3 1411386 2.018176076
9 14 3 22796 2.018180551
12 37 3 1359197 2.018183775
41 40 3 1909851 2.018201790
46 81 3 5747 2.018214771
42 4 3 75207 2.018223318
46 42 3 25634 2.018237452
81 87 3 937720 2.018237799
86 87 3 66556 2.018243815
84 86 3 686 2.018247311
82 89 3 28455 2.018253379
84 46 3 388200 2.018254077
43 47 3 197724 2.018265214
12 51 3 13905161 2.018265270
51 38 3 4503424 2.018272314
45 2 3 32499 2.018286403
78 86 3 101818 2.018286750
14 89 3 39787 2.018287842
86 79 3 892162 2.018288528
42 2 3 2611955 2.018294346
46 45 3 390157 2.018299325
44 37 3 5091595 2.018300880
47 43 3 2044 2.018307326
75 74 3 131762 2.018312702
88 10 3 1645 2.018317280
83 44 3 5567 2.018323820
11 51 3 1284916 2.018337105
44 51 3 8425 2.018337949
44 40 3 46843 2.018348466
0 9 3 6207936 2.018349791
48 15 3 38069 2.018357401
44 82 3 56121 2.018377130
51 80 3 32317 2.018380105
8 13 3 3744871 2.018380750
46 2 3 46212 2.018385359
43 39 3 2543400 2.018387874
88 89 3 974353 2.018393736
77 82 3 15699150 2.018393870
87 79 3 39003 2.018401935
44 15 3 3375236 2.018409009
7 4 3 2325 2.018409485
77 89 3 31338 2.018413659
83 45 3 2926446 2.018422339
6 2 3 6039323 2.018431697
88 78 3 7119049 2.018436973
44 7 3 24375 2.018442469
12 10 3 31433 2.018447194
49 87 3 15147 2.018453556
50 39 3 66470 2.018464343
6 1 3 12216 2.018467214
82 75 3 9686438 2.018480439
75 74 3 3027744 2.018482080
44 79 3 9775253 2.018486878
78 82 3 199277 2.018516222
41 83 3 76983 2.018522560
50 2 3 36525 2.018530838
15 48 3 5815 2.018534608
88 84 3 81309 2.018542356
1 13 3 1585726 2.018550227
50 45 3 51870 2.018551784
86 81 3 515634 2.018556466
4 86 3 6689317 2.018562458
11 74 3 58348 2.018568675
48 51 3 4190099 2.018584389
3 14 3 3255959 2.018589558
41 38 3 984301 2.018594473
88 81 3 21644 2.018596852
4 74 3 15166 2.018605418
78 82 3 6491 2.018607326
4 89 3 2116706 2.018609852
3 10 3 2912391 2.018610304
0 38 3 42263 2.018615561
11 85 3 30850 2.018615750
8 1 3 573599 2.018637915
7 15 3 26653 2.018642156
42 43 3 701756 2.018643679
2 46 3 25357 2.018644806
40 49 3 3574692 2.018644886
50 51 3 1241204 2.018645440
81 74 3 20464 2.018646976
6 2 3 5541855 2.018652550
9 40 3 32590 2.018652818
51 3 3 26412 2.018653934
10 9 3 7225564 2.018655217
89 88 3 5846986 2.018660952
6 50 3 34895 2.018672259
79 1 3 62539 2.018674046
10 2 3 15621 2.018675910
7 46 3 2714832 2.018682575
42 41 3 23605 2.018692153
12 15 3 48455 2.018697948
42 37 3 91569 2.018699331
41 84 3 3189 2.018707892
81 89 3 39631 2.018723570
37 11 3 6961021 2.018734261
78 88 3 72011 2.018737658
48 49 3 28383 2.018742165
74 7 3 1851299 2.018749352
11 6 3 452151 2.018753692
3 4 3 39249 2.018758344
84 76 3 1232047 2.018761807
85 89 3 8771732 2.018772834
40 82 3 41865 2.018793266
76 87 3 2815785 2.018803227
10 89 3 10713 2.018813570
9 3 3 38583 2.018829846
39 46 3 2097 2.018833763
37 8 3 7047 2.018834926
14 48 3 25649 2.018835517
39 45 3 3263156 2.018845260
88 5 3 3748053 2.018852457
50 5 3 4979642 2.018858167
13 8 3 3717326 2.018862730
47 48 3 3292706 2.018885576
2 11 3 7839 2.018887380
49 50 3 9590908 2.018888986
44 79 3 7663 2.018892119
14 2 3 39842 2.018897237
51 46 3 7241 2.018905363
0 14 3 896641 2.018910546
80 9 3 500583 2.018911832
5 8 3 78439 2.018913276
50 79 3 28980 2.018920286
2 5 3 12103719 2.018922830
6 2 3 1684564 2.018927357
43 50 3 4998 2.018944582
37 44 3 19594050 2.018949743
37 74 3 45792 2.018950258
74 89 3 29527 2.018971103
45 39 3 8460402 2.018972644
9 75 3 25687 2.018974377
82 49 3 1794718 2.018983400
15 0 3 23942770 2.018988170
40 50 3 1880128 2.018992092
52 47 3 62487 2.019000858
78 77 3 33349 2.019001279
74 79 3 55689 2.019005958
7 13 3 48806 2.019009983
86 89 3 76578 2.019019790
9 39 3 3666859 2.019048337
46 87 3 1246981 2.019052783
85 13 3 2000 2.019053962
77 89 3 52099 2.019062030
86 84 3 1996 2.019064724
49 2 3 1185813 2.019066918
88 84 3 3826180 2.019068667
37 87 3 49700 2.019069636
46 12 3 93911 2.019081605
10 74 3 20483 2.019089538
83 49 3 59856 2.019092584
7 5 3 36363 2.019092636
9 50 3 398455 2.019097925
14 3 3 72520 2.019105948
41 5 3 1623450 2.019113898
11 12 3 58544 2.019114106
44 7 3 8128787 2.019120372
52 11 3 50366 2.019120739
43 11 3 2833 2.019128434
10 8 3 50039 2.019132173
15 89 3 24866 2.019134272
79 76 3 4410559 2.019136857
46 37 3 13470 2.019149161
4 79 3 12677997 2.019157683
81 86 3 8537 2.019160677
37 38 3 6690 2.019163247
87 83 3 64792 2.019172542
9 6 3 52554 2.019174157
44 49 3 4791360 2.019176019
12 45 3 24546 2.019177261
7 4 3 891398 2.019183209
37 49 3 20910 2.019189327
11 7 3 4195664 2.019201629
88 83 3 76999 2.019206492
51 46 3 757495 2.019208815
42 50 3 2936869 2.019236149
42 7 3 63806 2.019239713
85 9 3 2823 2.019240067
82 2 3 1421 2.019240689
12 3 3 31099 2.019243328
49 47 3 28690 2.019247626
13 15 3 72535 2.019250261
43 51 3 12696 2.019254926
86 39 3 1301 2.019265437
46 49 3 9554230 2.019267331
4 9 3 27567 2.019298242
83 39 3 7003 2.019300035
15 4 3 343827 2.019301214
9 11 3 13793825 2.019315380
2 1 3 44835 2.019316861
38 48 3 71360 2.019318172
49 86 3 39273 2.019321280
42 44 3 8258 2.019322399
75 8 3 69303 2.019322646
48 89 3 26709 2.019322834
42 47 3 3989835 2.019329971
45 8 3 10652 2.019333791
14 10 3 73178 2.019334320
78 74 3 6289 2.019341461
6 10 3 9631 2.019343450
83 74 3 27023 2.019348645
42 84 3 1349102 2.019353208
9 77 3 8425202 2.019360717
42 43 3 63464 2.019363184
87 80 3 28742 2.019364213
89 80 3 23558 2.019366958
51 47 3 4073048 2.019369754
11 81 3 1640614 2.019376579
41 52 3 15924489 2.019385037
12 51 3 59781 2.019400287
42 50 3 23852 2.019407259
50 51 3 774031 2.019407260
45 37 3 13980 2.019416209
88 39 3 5818 2.019416544
48 13 3 19455 2.019417244
9 13 3 14116 2.019426606
4 46 3 16160362 2.019436249
6 8 3 28516 2.019443915
43 46 3 1509 2.019450836
3 83 3 6568896 2.019461075
1 9 3 326980 2.019470773
15 3 3 77847 2.019472236
48 74 3 174129 2.019476361
49 79 3 62429 2.019477276
74 86 3 508390 2.019480592
1 3 3 8430911 2.019483223
88 79 3 52901 2.019484999
52 41 3 11553 2.019492494
1 45 3 58490 2.019502162
76 81 3 520 2.019514134
42 43 3 13310 2.019526638
50 86 3 4895200 2.019528106
49 1 3 569905 2.019541972
75 87 3 49366 2.019546576
51 50 3 3125 2.019557547
6 7 3 27937 2.019558064
88 10 3 26854567 2.019559498
87 81 3 5502 2.019561050
77 9 3 11745 2.019562643
42 44 3 43567 2.019563702
3 10 3 21480240 2.019566070
40 48 3 1859652 2.019575689
40 11 3 24547133 2.019589256
52 13 3 50602 2.019590857
89 76 3 498664 2.019591820
85 75 3 52752 2.019597429
13 14 3 6490 2.019600709
79 76 3 27165 2.019612488
74 81 3 417674 2.019614401
74 79 3 13356 2.019619190
82 79 3 135727 2.019646169
5 2 3 3417907 2.019647304
47 80 3 5625 2.019656512
38 82 3 1640906 2.019663484
42 11 3 1974906 2.019671036
43 40 3 23176 2.019674736
39 37 3 150795 2.019675285
45 13 3 27167 2.019678835
51 4 3 9418913 2.019687897
77 83 3 187818 2.019692811
37 52 3 1809800 2.019697128
3 80 3 13387257 2.019705199
75 88 3 2296197 2.019711226
6 3 3 4170 2.019718255
40 14 3 5560836 2.019718910
75 87 3 224042 2.019727577
1 51 3 583226 2.019732986
10 14 3 3432287 2.019738762
15 42 3 9165 2.019746222
4 89 3 65252 2.019755733
2 43 3 1709552 2.019763482
52 76 3 39815 2.019765858
0 50 3 57831 2.019766478
1 11 3 17275234 2.019773980
13 14 3 75725 2.019792933
14 77 3 7345 2.019796072
82 47 3 1540 2.019798125
79 50 3 26314 2.019816399
83 41 3 1323908 2.019824020
43 8 3 77503 2.019825137
48 52 3 72930 2.019827017
1 14 3 22900 2.019832448
79 82 3 344427 2.019843571
46 37 3 1590444 2.019846289
39 49 3 157658 2.019849781
4 75 3 24364 2.019852039
52 39 3 2984821 2.019864299
50 51 3 3351675 2.019868535
47 5 3 8569826 2.019876421
8 76 3 26604 2.019876731
80 41 3 29695 2.019877277
48 38 3 336575 2.019877548
81 88 3 2118215 2.019880056
89 76 3 1378185 2.019904613
14 5 3 27357 2.019911119
38 83 3 27010 2.019922437
10 87 3 852915 2.019923404
77 81 3 21859 2.019926574
38 49 3 2326869 2.019931817
86 5 3 42423 2.019932844
46 41 3 5452 2.019946481
11 3 3 8479 2.019954853
80 77 3 1055588 2.019958496
8 82 3 174433 2.019958696
79 80 3 497402 2.019978295
42 40 3 27874338 2.019985359
8 9 3 8378 2.019992780
2 6 3 40984 2.019994982
9 6 3 8816 2.019997544
12 1 3 25470 2.019998545
6 4 3 44309 2.020014362
41 42 3 912105 2.020018911
37 41 3 1481669 2.020022194
7 4 3 2034 2.020043230
13 12 3 63761 2.020047545
52 46 3 8418064 2.020061670
0 2 3 156985 2.020065270
76 51 3 844600 2.020073972
9 81 3 35032 2.020078748
52 44 3 742486 2.020081235
75 41 3 2851632 2.020104092
41 46 3 7300536 2.020132435
45 51 3 28793 2.020143397
5 85 3 1242238 2.020147043
38 77 3 349152 2.020147999
75 85 3 1230685 2.020149094
84 12 3 4865750 2.020155181
87 79 3 4528950 2.020160643
74 78 3 35940 2.020162338
50 40 3 27185134 2.020169443
9 11 3 43622 2.020184247
12 5 3 46776 2.020195463
50 6 3 1257786 2.020195890
89 75 3 218701 2.020204276
81 76 3 8574 2.020215993
44 47 3 5124334 2.020231701
79 88 3 5821369 2.020247914
40 89 3 24014 2.020248739
87 12 3 3645383 2.020260130
43 37 3 4628 2.020262414
2 9 3 4476 2.020270070
11 2 3 266806 2.020270572
5 81 3 6058 2.020279126
83 48 3 64545 2.020290563
4 3 3 55289 2.020296142
1 11 3 78004 2.020298184
85 76 3 2531 2.020308588
85 12 3 746078 2.020309651
10 1 3 1165005 2.020327648
81 77 3 111366 2.020338660
6 42 3 10535 2.020347925
76 9 3 189491 2.020348185
83 12 3 1890428 2.020348845
44 13 3 1528 2.020350430
46 38 3 21234287 2.020355128
79 78 3 50528 2.020371826
75 77 3 63095 2.020379723
80 76 3 19070 2.020386376
7 78 3 9168 2.020393960
80 40 3 13125 2.020396235
6 46 3 177926 2.020400992
6 1 3 1026272 2.020420242
45 47 3 4094835 2.020422884
6 12 3 52300 2.020426632
52 42 3 46836 2.020427628
86 85 3 18426176 2.020429637
39 47 3 59954 2.020432803
15 10 3 705763 2.020434867
1 86 3 9398 2.020437403
74 82 3 8073 2.020441193
41 48 3 20427 2.020449779
88 77 3 52454 2.020452588
51 40 3 297 2.020457186
1 41 3 12679 2.020460741
8 44 3 45447 2.020485891
78 41 3 8652817 2.020488655
47 43 3 25355 2.020500102
82 87 3 4271951 2.020511257
49 41 3 30035 2.020517813
89 84 3 46238 2.020520594
2 8 3 9724 2.020537436
13 11 3 66679 2.020546008
8 83 3 6476 2.020552081
49 78 3 1187089 2.020555110
81 41 3 22196 2.020568254
75 86 3 48218 2.020571980
43 13 3 20927 2.020573494
45 52 3 1941416 2.020577153
51 45 3 71488 2.020585617
86 79 3 207281 2.020587377
80 86 3 8331 2.020590887
84 41 3 43899 2.020595924
0 7 3 10867 2.020606767
75 4 3 54745 2.020612441
46 9 3 29177243 2.020619609
14 84 3 1374217 2.020622649
74 82 3 13651 2.020629917
78 80 3 295337 2.020633098
77 76 3 63185 2.020637700
6 4 3 1406586 2.020647120
8 4 3 324314 2.020661122
45 51 3 71284 2.020662302
39 42 3 3664683 2.020666759
78 80 3 34376 2.020672305
42 74 3 733718 2.020673106
8 1 3 5234 2.020674850
82 89 3 1691959 2.020675412
86 48 3 4309 2.020677970
15 7 3 28764 2.020681119
14 10 3 62319 2.020694984
88 87 3 6226 2.020714935
49 39 3 76824 2.020720943
80 79 3 3860330 2.020723016
45 38 3 19940 2.020730891
11 3 3 42649 2.020734349
84 75 3 397916 2.020741005
11 15 3 4426179 2.020742727
14 38 3 70098 2.020748494
51 43 3 694258 2.020748785
86 75 3 192274 2.020749760
8 9 3 2096529 2.020758285
13 75 3 133450 2.020767555
41 39 3 5830 2.020767881
0 10 3 26893 2.020773073
44 39 3 235 2.020778474
77 89 3 3886 2.020783241
11 78 3 4807439 2.020790112
9 12 3 22930107 2.020796430
14 10 3 73956 2.020819661
13 8 3 9540345 2.020822345
42 43 3 9073 2.020825390
15 77 3 9126 2.020827176
37 43 3 3912 2.020831582
78 1 3 2073603 2.020838113
14 52 3 7633252 2.020839424
13 2 3 11012 2.020853120
80 89 3 22120 2.020860029
76 49 3 6476773 2.020867267
86 84 3 6267305 2.020875809
51 44 3 669756 2.020884203
83 77 3 164889 2.020886057
50 42 3 67991 2.020891031
42 46 3 15700 2.020898167
14 12 3 34868 2.020901542
8 86 3 648884 2.020903345
80 85 3 20554 2.020920103
11 13 3 62597 2.020920573
12 8 3 28079 2.020941536
80 78 3 7772 2.020942680
78 41 3 3907075 2.020949989
77 84 3 1851052 2.020952639
75 52 3 3966778 2.020960287
49 43 3 481930 2.020961370
14 78 3 1110733 2.020968019
6 1 3 30327 2.020971908
89 5 3 1258928 2.020978099
38 48 3 8300169 2.020992468
49 52 3 7030 2.020996602
3 13 3 68534 2.020999421
45 43 3 1182939 2.021002842
80 75 3 78139 2.021005372
11 12 3 1154416 2.021018611
44 41 3 177648 2.021019001
78 51 3 134617 2.021021158
15 74 3 177773 2.021021640
4 6 3 9843 2.021028405
85 74 3 48859 2.021044765
78 83 3 3422774 2.021047447
44 13 3 13805 2.021067091
2 84 3 9102708 2.021068125
13 8 3 1322027 2.021086164
5 15 3 50151 2.021089174
85 76 3 119398 2.021095363
76 81 3 524603 2.021100930
87 75 3 1064939 2.021134841
74 81 3 26212 2.021141574
50 13 3 58093 2.021142443
40 82 3 497701 2.021143747
74 81 3 5466 2.021144793
75 12 3 1697 2.021148125
13 15 3 1596507 2.021150512
2 8 3 33723 2.021153259
37 3 3 51198 2.021157388
50 7 3 57276 2.021158877
49 39 3 23472 2.021172005
81 13 3 79826 2.021172578
80 83 3 3298329 2.021177038
80 83 3 30125 2.021185423
41 13 3 132815 2.021187409
13 6 3 48811 2.021201065
3 77 3 93634 2.021216862
11 41 3 193871 2.021227719
46 8 3 5169410 2.021235418
77 78 3 158027 2.021249619
47 39 3 42046 2.021252315
48 10 3 32319 2.021258299
39 76 3 53755 2.021267901
43 47 3 2501321 2.021274856
47 84 3 164128 2.021283182
5 83 3 27405715 2.021283913
79 81 3 59868 2.021286141
4 10 3 4257 2.021289954
37 44 3 1399631 2.021296339
8 7 3 45718 2.021296798
85 89 3 910724 2.021297200
74 43 3 1762238 2.021298686
44 43 3 9130 2.021306766
79 86 3 3515917 2.021309418
11 0 3 51636 2.021328554
78 41 3 63067 2.021337310
89 9 3 7849 2.021337698
7 1 3 1817517 2.021338457
45 48 3 62104 2.021349607
37 52 3 174901 2.021354863
74 87 3 673796 2.021359999
41 40 3 1247592 2.021360932
14 9 3 976770 2.021366287
10 7 3 6987 2.021366481
51 41 3 14242 2.021371685
81 80 3 1917440 2.021376283
45 7 3 49431 2.021386128
46 37 3 3530640 2.021386742
10 8 3 90485 2.021387446
82 89 3 2180593 2.021394048
47 41 3 1755384 2.021395572
48 84 3 75456 2.021399610
0 48 3 277923 2.021408957
44 41 3 35703 2.021411533
85 78 3 16659 2.021416212
4 14 3 6468 2.021441599
14 5 3 1479899 2.021447148
77 44 3 191247 2.021447382
87 89 3 1874764 2.021453658
41 39 3 664332 2.021453804
82 78 3 6661016 2.021459423
45 74 3 24786 2.021471622
46 52 3 15002 2.021476453
38 37 3 508945 2.021483415
78 88 3 39927 2.021484189
47 74 3 61256 2.021484323
41 81 3 8529679 2.021487658
74 39 3 17737 2.021501402
79 10 3 5833 2.021509696
14 7 3 9915 2.021516449
12 45 3 2523 2.021526974
82 10 3 14319 2.021531332
46 83 3 22733 2.021541335
7 39 3 77181 2.021541917
51 78 3 4722578 2.021547974
46 47 3 132771 2.021551515
42 39 3 49677 2.021551575
7 12 3 23604 2.021577624
46 74 3 7524972 2.021589811
51 44 3 166781 2.021593304
1 9 3 77628 2.021596534
46 82 3 42595 2.021600534
87 82 3 140065 2.021603570
77 12 3 16208 2.021607576
77 80 3 720410 2.021623571
88 38 3 99625 2.021630525
79 40 3 4057 2.021642812
88 84 3 1264729 2.021655792
84 81 3 49894 2.021659278
51 47 3 19697169 2.021662990
77 74 3 41582 2.021678196
0 6 3 14771 2.021687994
13 43 3 31249 2.021691798
78 48 3 4939381 2.021696737
49 40 3 43493 2.021699317
2 9 3 22585 2.021699463
78 82 3 345 2.021713634
45 46 3 2755 2.021717005
47 49 3 7018853 2.021722737
3 45 3 140129 2.021723609
13 74 3 2320688 2.021724561
48 75 3 8182057 2.021730481
46 43 3 104602 2.021731001
43 45 3 29065 2.021736179
46 10 3 73962 2.021741150
8 88 3 7035737 2.021743021
80 74 3 637125 2.021750651
5 37 3 1245105 2.021751143
45 12 3 26925 2.021769140
41 10 3 909462 2.021770443
7 4 3 22817 2.021771088
78 75 3 2585908 2.021775937
77 75 3 28530 2.021782322
1 8 3 25726 2.021782920
85 12 3 1132866 2.021785677
81 85 3 7317 2.021792490
11 14 3 39031 2.021796607
51 85 3 192897 2.021801915
87 79 3 6301 2.021807710
41 51 3 2166426 2.021812228
47 75 3 5800394 2.021843857
44 4 3 180201 2.021853775
82 78 3 5913 2.021865487
6 8 3 13386428 2.021866907
87 74 3 288447 2.021874139
77 11 3 4036 2.021879226
3 14 3 955 2.021888464
12 7 3 1131413 2.021888695
13 1 3 5772 2.021894046
4 14 3 1140 2.021899763
78 76 3 1688658 2.021900338
0 40 3 51743 2.021909624
13 6 3 1321639 2.021910425
46 88 3 999497 2.021911676
42 44 3 2316 2.021925946
41 4 3 7185 2.021932193
10 14 3 34221 2.021941489
10 48 3 94812 2.021945171
5 0 3 3071417 2.021945497
52 51 3 1783677 2.021952687
89 77 3 32182 2.021958775
88 75 3 444745 2.021966830
44 47 3 42077 2.021970792
47 8 3 8286 2.021979573
51 85 3 71421 2.021980800
75 88 3 2831830 2.021990731
40 84 3 43732 2.021990873
45 42 3 71684 2.021996467
44 37 3 97039 2.022002991
45 52 3 4205 2.022009109
5 81 3 369735 2.022010550
85 82 3 52283 2.022023439
13 0 3 3010138 2.022025283
1 49 3 49407 2.022025813
77 46 3 66415 2.022027994
11 38 3 3945634 2.022030691
80 45 3 41718 2.022031612
2 3 3 234 2.022032283
50 1 3 8993 2.022035852
8 47 3 1594778 2.022038018
41 50 3 139106 2.022039247
41 10 3 4323 2.022046869
44 76 3 13911 2.022049775
12 85 3 1863569 2.022052548
88 81 3 2750102 2.022055470
1 10 3 42154 2.022059548
10 77 3 7479 2.022074574
75 88 3 1845 2.022085912
39 76 3 75501 2.022089238
5 41 3 51979 2.022089740
79 5 3 7228 2.022090965
84 40 3 71197 2.022091103
38 87 3 2264511 2.022094930
14 7 3 36444 2.022101654
81 82 3 8229 2.022103298
46 87 3 8397 2.022108955
3 2 3 5254300 2.022111797
75 86 3 5501 2.022112620
6 15 3 6646596 2.022113102
79 86 3 1714778 2.022130674
6 4 3 2876694 2.022133673
8 86 3 18445 2.022134075
38 49 3 828871 2.022142336
11 7 3 2279514 2.022143621
37 48 3 13971653 2.022150721
13 10 3 9817287 2.022161445
45 75 3 80783 2.022164794
89 81 3 189209 2.022177453
43 5 3 2773748 2.022182521
87 83 3 512 2.022189985
38 13 3 6951696 2.022190549
80 87 3 75479 2.022202739
80 77 3 2911262 2.022205418
85 88 3 3604 2.022207030
52 5 3 1590543 2.022208120
45 52 3 75434 2.022222834
8 11 3 4919 2.022243965
0 38 3 141563 2.022245090
9 48 3 3061040 2.022249530
81 76 3 13887391 2.022253210
44 41 3 29604 2.022271019
47 40 3 4285099 2.022274144
76 47 3 9688690 2.022279084
85 77 3 973489 2.022294823
47 49 3 1066 2.022299870
85 2 3 3093 2.022305156
75 81 3 5399 2.022306845
43 50 3 68649 2.022315780
74 43 3 10074 2.022316412
49 50 3 189588 2.022327872
50 40 3 22269 2.022334521
85 4 3 17965 2.022334635
41 45 3 2281 2.022335826
45 47 3 3637416 2.022335857
88 48 3 472947 2.022342141
39 37 3 647167 2.022355203
2 49 3 23690 2.022355512
46 42 3 583235 2.022360038
80 0 3 2865838 2.022364384
12 1 3 3655419 2.022376974
51 7 3 55385 2.022379085
89 41 3 6551 2.022384319
88 78 3 2910 2.022400915
74 78 3 26143 2.022403785
89 9 3 53082 2.022407317
40 44 3 57129 2.022409805
40 46 3 317019 2.022411761
0 13 3 80643 2.022422675
3 52 3 38818 2.022427153
10 38 3 77035 2.022430103
0 76 3 3921219 2.022431288
51 2 3 4844 2.022432665
79 87 3 8839 2.022435562
39 49 3 4587 2.022437716
37 3 3 795013 2.022439844
4 79 3 31539 2.022450127
41 9 3 3306 2.022454696
3 6 3 53390 2.022457305
51 44 3 4758464 2.022459268
74 81 3 47504 2.022459811
80 89 3 29272 2.022464713
2 8 3 16148 2.022467196
15 0 3 4137 2.022470687
44 37 3 1883 2.022471475
0 12 3 25806311 2.022476550
87 82 3 3616802 2.022477219
2 44 3 3918392 2.022478667
51 42 3 4141 2.022480418
52 37 3 6483 2.022485191
44 11 3 25915 2.022485786
52 43 3 2331019 2.022489887
51 75 3 24850561 2.022490803
12 1 3 5981299 2.022503037
37 40 3 1079985 2.022503917
40 7 3 39543 2.022504794
14 79 3 1442056 2.022526727
43 51 3 3599 2.022530926
82 84 3 980923 2.022531572
14 2 3 34117 2.022534615
45 79 3 60744 2.022539802
6 14 3 9480 2.022554878
4 8 3 669 2.022555365
2 78 3 1664785 2.022556664
37 13 3 61981 2.022559855
49 83 3 4676 2.022561369
38 39 3 261062 2.022567171
37 39 3 68097 2.022569776
89 80 3 49749 2.022572363
38 49 3 5149541 2.022578034
8 14 3 23410 2.022595645
10 41 3 20977607 2.022596500
39 42 3 70009 2.022611314
76 88 3 2000 2.022615794
4 13 3 9996 2.022622887
80 88 3 16399808 2.022628367
9 11 3 78240 2.022628635
50 14 3 36375 2.022629219
79 85 3 30545 2.022630005
9 78 3 8032 2.022638131
2 3 3 93954 2.022644715
87 76 3 920453 2.022645823
9 50 3 9815 2.022647972
3 82 3 26140 2.022651538
74 78 3 2447087 2.022652461
38 39 3 4114178 2.022662751
43 80 3 849 2.022674076
84 81 3 22785 2.022674967
80 82 3 1497183 2.022681463
87 84 3 5520 2.022681865
46 2 3 27501 2.022694445
74 82 3 581259 2.022694862
37 9 3 773917 2.022702668
41 51 3 305 2.022710575
0 7 3 35071 2.022713207
42 8 3 1353222 2.022721549
51 48 3 3893953 2.022727164
52 45 3 21517 2.022730897
39 85 3 6201 2.022738532
47 10 3 16824 2.022741566
39 48 3 27670 2.022745976
85 79 3 95261 2.022748653
44 51 3 943053 2.022748936
43 11 3 32867 2.022754127
74 43 3 5753 2.022759588
45 10 3 5871171 2.022762410
40 44 3 2397 2.022771513
2 13 3 71239 2.022777487
42 4 3 53796 2.022794299
84 5 3 76668 2.022794919
81 83 3 762473 2.022804302
52 37 3 8250 2.022823636
1 79 3 6413893 2.022828954
0 3 3 1493664 2.022838807
83 88 3 7031657 2.022839588
6 78 3 1872198 2.022847082
51 46 3 4366688 2.022847155
10 46 3 64913 2.022852102
38 74 3 33495 2.022855638
5 86 3 1088 2.022862575
10 13 3 9412 2.022864332
12 9 3 9690 2.022867668
49 38 3 67810 2.022870840
83 74 3 610219 2.022871681
85 2 3 48655 2.022874510
40 52 3 12487 2.022879476
6 5 3 6095 2.022883931
2 41 3 46928 2.022888292
75 51 3 1259434 2.022895611
81 84 3 387 2.022897416
11 3 3 9269 2.022908805
89 76 3 47017 2.022910401
10 12 3 15151472 2.022924433
52 43 3 8344689 2.022924643
44 51 3 1868778 2.022924936
8 10 3 5655788 2.022924973
77 5 3 10290 2.022933872
3 10 3 87115 2.022934899
38 45 3 9597 2.022937347
6 14 3 89994 2.022937879
7 39 3 1670 2.022950264
12 11 3 66298 2.022954453
0 9 3 9240 2.022955878
44 37 3 23745073 2.022963966
41 47 3 13541 2.022965488
74 81 3 63453 2.022971052
52 87 3 1162504 2.022978119
83 1 3 418585 2.022992594
1 49 3 21917 2.022997027
5 10 3 3106232 2.022997634
86 78 3 867915 2.023007329
7 13 3 9316624 2.023010527
50 48 3 4194389 2.023012701
5 13 3 5562 2.023019884
3 40 3 21852 2.023020847
83 89 3 30297 2.023021295
84 82 3 39123 2.023031809
84 77 3 395225 2.023033654
1 9 3 2638954 2.023035042
82 77 3 138371 2.023039615
42 45 3 32283 2.023053105
89 80 3 29868010 2.023056832
84 78 3 52468 2.023062187
44 49 3 54209 2.023064166
7 88 3 21264 2.023069124
85 89 3 839996 2.023081908
2 79 3 20559 2.023085831
77 81 3 13629769 2.023086383
50 75 3 62017 2.023087677
7 81 3 9475 2.023092154
15 13 3 5473 2.023092172
51 3 3 60109 2.023097736
49 87 3 68621 2.023099738
7 42 3 27152 2.023106886
80 79 3 1694893 2.023111990
44 42 3 19672 2.023126744
48 47 3 155778 2.023127699
43 87 3 1839472 2.023149786
80 89 3 7435827 2.023155315
51 76 3 1022871 2.023160432
4 5 3 620535 2.023162187
37 40 3 184880 2.023170213
78 41 3 21226 2.023174061
52 50 3 7240756 2.023177534
1 14 3 7598 2.023177711
52 39 3 237084 2.023184630
76 84 3 17846 2.023187460
6 3 3 1320062 2.023205112
13 4 3 106052 2.023234695
47 40 3 1326091 2.023246284
42 38 3 4109057 2.023248420
8 1 3 53343 2.023257739
77 80 3 6426350 2.023259736
1 4 3 4768609 2.023282474
12 79 3 975654 2.023285246
76 86 3 37921 2.023288778
15 80 3 1379786 2.023293849
77 87 3 16129091 2.023298831
89 76 3 3868289 2.023312507
2 48 3 49389 2.023316847
88 80 3 1899770 2.023318307
13 11 3 440140 2.023319021
10 37 3 1589858 2.023325820
4 89 3 39707 2.023331387
76 13 3 5173 2.023354657
9 10 3 8937 2.023355529
87 85 3 14486 2.023356306
81 78 3 1147394 2.023364554
82 87 3 47995 2.023375907
13 14 3 1114332 2.023383809
42 38 3 65832 2.023390176
50 44 3 77412 2.023393830
79 86 3 2532 2.023397659
75 81 3 5826817 2.023405220
51 38 3 78092 2.023410113
0 86 3 174001 2.023427318
38 83 3 15303 2.023433359
46 15 3 2173034 2.023433777
84 87 3 4903 2.023441256
47 38 3 2841591 2.023443201
48 47 3 54593 2.023443973
7 8 3 41039 2.023444479
40 49 3 953824 2.023451522
77 79 3 20165 2.023455441
6 4 3 8326 2.023474774
11 8 3 32049 2.023482415
40 86 3 656372 2.023483476
7 15 3 9591 2.023485984
74 81 3 53273 2.023487945
43 44 3 1328885 2.023494167
86 77 3 90268 2.023498142
51 45 3 1994005 2.023498952
2 9 3 5187339 2.023510243
42 41 3 24448 2.023523210
74 78 3 38967 2.023524609
13 83 3 2190 2.023530228
2 1 3 48130 2.023537656
37 11 3 6988 2.023537923
48 47 3 2671 2.023544047
83 78 3 90138 2.023550843
38 10 3 63230 2.023552180
49 13 3 23078 2.023554580
41 48 3 32123 2.023564637
41 77 3 67080 2.023572594
13 15 3 455596 2.023575107
44 51 3 26629 2.023587365
13 51 3 5954 2.023588614
37 41 3 2554347 2.023608818
9 13 3 38096 2.023611844
43 10 3 6102 2.023614569
46 39 3 33753 2.023616741
86 75 3 18946281 2.023619465
46 83 3 46189 2.023627837
5 78 3 37308 2.023634905
12 83 3 12425188 2.023635534
8 38 3 159514 2.023655443
39 10 3 30336 2.023662358
9 8 3 2330789 2.023688098
48 88 3 897832 2.023707835
48 0 3 9089 2.023712405
38 40 3 76255 2.023724029
50 41 3 644972 2.023727905
38 49 3 2648 2.023738468
4 87 3 8393320 2.023744140
76 81 3 323267 2.023756150
11 83 3 649611 2.023757790
47 42 3 61202 2.023762058
8 81 3 2240977 2.023774472
39 75 3 55277 2.023778970
79 75 3 7365 2.023781071
76 85 3 71762 2.023785799
5 4 3 25093 2.023786974
48 9 3 45836 2.023788987
75 5 3 5495698 2.023792646
87 75 3 4401195 2.023802600
7 79 3 25740 2.023813543
51 41 3 21311 2.023817433
45 39 3 100563 2.023818766
89 8 3 9290 2.023818947
3 0 3 66362 2.023825064
47 14 3 73154 2.023826599
89 83 3 1629 2.023830120
89 44 3 1575621 2.023839255
50 49 3 4227076 2.023839489
89 38 3 54752 2.023865704
80 10 3 766457 2.023868214
9 4 3 1042696 2.023871671
43 46 3 67570 2.023877214
8 43 3 23145510 2.023897339
82 10 3 80324 2.023901165
5 11 3 31071 2.023901483
78 13 3 411583 2.023922756
85 83 3 9565 2.023923886
7 5 3 78034 2.023927428
88 76 3 60964 2.023928835
39 78 3 927247 2.023930419
13 4 3 24917 2.023931276
12 3 3 1179424 2.023932451
12 76 3 75626 2.023942216
75 39 3 29646 2.023944790
8 3 3 729 2.023946908
81 39 3 1471706 2.023950284
8 12 3 6744062 2.023950296
8 11 3 55267 2.023952310
37 45 3 7205 2.023956442
12 2 3 52472 2.023961067
1 86 3 3066237 2.023963436
89 76 3 29495 2.023965958
83 74 3 4638 2.023977840
43 42 3 53145 2.023984120
37 88 3 1390783 2.023988647
84 52 3 8853915 2.023998668
50 1 3 617479 2.024020611
86 76 3 418799 2.024024928
41 45 3 7284 2.024032927
77 88 3 22610 2.024054235
43 2 3 117880 2.024056595
14 40 3 1886630 2.024057351
1 40 3 15050624 2.024057990
87 43 3 2507616 2.024071429
83 75 3 21892 2.024086571
76 75 3 319707 2.024103632
83 77 3 1369834 2.024105563
41 42 3 9537 2.024106731
4 7 3 58884 2.024111114
11 13 3 6332780 2.024113098
6 10 3 4253 2.024115994
40 43 3 944948 2.024124899
38 88 3 69263 2.024128773
2 14 3 1666079 2.024131052
82 86 3 40961 2.024137741
42 41 3 27608 2.024138712
81 38 3 35464 2.024150357
89 77 3 108901 2.024150827
51 39 3 1548346 2.024154154
12 15 3 9404 2.024175210
80 84 3 2189368 2.024184129
89 80 3 1964321 2.024184382
13 81 3 1136388 2.024186563
38 87 3 62918 2.024187221
81 52 3 38290 2.024191722
13 15 3 14854 2.024196377
84 44 3 9241 2.024212863
39 79 3 6263 2.024216038
83 82 3 9999290 2.024218670
48 46 3 76972 2.024222836
9 1 3 18900 2.024224205
46 52 3 5958876 2.024224320
42 52 3 2321 2.024230255
50 41 3 464361 2.024231673
1 86 3 86777 2.024233179
1 47 3 8355809 2.024243783
85 84 3 62484 2.024245107
42 88 3 2222938 2.024256290
9 1 3 54897 2.024261866
47 48 3 350969 2.024266166
39 49 3 6680644 2.024268507
43 39 3 7326779 2.024271698
13 2 3 3134811 2.024272468
81 49 3 1435 2.024276041
48 38 3 40109 2.024280134
89 75 3 73273 2.024281381
78 82 3 3111015 2.024282184
12 15 3 23941 2.024286546
42 49 3 48637 2.024287905
46 42 3 3450 2.024293389
39 43 3 69484 2.024293564
8 7 3 2310637 2.024294681
2 89 3 6936 2.024298032
42 44 3 425904 2.024301700
9 7 3 1064239 2.024308169
42 4 3 15602 2.024311902
5 46 3 23025 2.024315555
1 6 3 1399378 2.024319503
15 3 3 334858 2.024320500
14 6 3 16870 2.024321573
78 52 3 570466 2.024331684
4 2 3 20958 2.024331894
52 47 3 172142 2.024336314
52 89 3 1103997 2.024339451
78 0 3 3864034 2.024361647
80 87 3 2577 2.024362591
42 4 3 27852 2.024364746
12 2 3 9018916 2.024370885
3 77 3 2682 2.024398229
11 6 3 8191 2.024404838
1 42 3 23926 2.024411931
13 6 3 67991 2.024415839
41 42 3 537357 2.024417910
4 13 3 10834 2.024432422
76 74 3 65597 2.024432666
38 75 3 29626 2.024438608
83 88 3 635063 2.024443727
86 77 3 41566 2.024446312
13 79 3 17346 2.024455441
45 74 3 67369 2.024455898
78 80 3 65621 2.024466867
75 38 3 6893 2.024468767
39 37 3 794 2.024471668
9 11 3 483 2.024483596
38 44 3 3777 2.024487808
84 79 3 1384826 2.024490314
83 8 3 7917274 2.024490755
1 12 3 7619639 2.024493900
82 86 3 3990036 2.024505856
80 11 3 6096299 2.024506236
39 76 3 1819074 2.024519466
79 86 3 1268748 2.024519953
6 88 3 62511 2.024521436
0 7 3 3258 2.024526428
12 3 3 135736 2.024534352
12 5 3 983239 2.024539547
0 4 3 1846851 2.024541543
15 6 3 28761 2.024545656
7 13 3 10866 2.024560954
82 38 3 41975 2.024562013
0 3 3 49314 2.024563548
50 40 3 4473036 2.024574190
44 50 3 22495 2.024576506
12 9 3 26960 2.024578592
47 37 3 281195 2.024580749
77 81 3 1292422 2.024593614
51 15 3 7379 2.024598655
46 42 3 326133 2.024601139
9 11 3 119355 2.024607102
50 49 3 184464 2.024608457
8 0 3 78526 2.024615865
86 85 3 10244 2.024625967
84 76 3 57045 2.024640799
2 9 3 52877 2.024642421
52 85 3 4791757 2.024644954
87 89 3 1520541 2.024647314
2 49 3 4474901 2.024652043
89 83 3 897215 2.024653782
45 40 3 2216349 2.024654392
50 40 3 3891364 2.024664183
87 78 3 45046 2.024664479
48 41 3 31061 2.024670862
7 82 3 1976881 2.024673184
74 86 3 3595257 2.024673209
85 88 3 44308 2.024698517
15 11 3 4330 2.024704207
1 41 3 29992 2.024709059
49 3 3 175556 2.024714043
7 5 3 20066 2.024721476
43 74 3 3286192 2.024722293
45 46 3 1269480 2.024731200
15 44 3 1743968 2.024745285
76 2 3 59035 2.024753061
39 12 3 1063293 2.024761022
0 43 3 18741698 2.024763469
42 50 3 168537 2.024764805
44 78 3 3267262 2.024764957
45 48 3 6217 2.024767050
8 38 3 91237 2.024769284
4 48 3 71024 2.024774277
46 45 3 28422653 2.024775557
79 82 3 23785 2.024778714
15 7 3 38257 2.024779901
77 14 3 151296 2.024791917
9 84 3 2364680 2.024796061
43 41 3 47583 2.024799431
74 8 3 9299 2.024802519
42 45 3 52924 2.024813367
44 42 3 2866647 2.024813988
46 45 3 2737334 2.024821056
8 12 3 40397 2.024826884
89 75 3 3898738 2.024828569
75 52 3 122133 2.024830026
76 84 3 7572817 2.024838628
77 8 3 21714 2.024839673
74 48 3 7098 2.024849953
39 50 3 20151 2.024852156
5 14 3 3407524 2.024854685
74 84 3 3695771 2.024856205
44 10 3 42964 2.024860634
45 37 3 1028168 2.024863543
11 87 3 892183 2.024863824
7 46 3 919991 2.024871324
84 11 3 65178 2.024876264
7 1 3 10634 2.024878123
83 49 3 145077 2.024878287
88 83 3 755217 2.024878301
81 14 3 14613 2.024883873
48 40 3 1267757 2.024897086
85 84 3 23007 2.024904098
44 43 3 1811677 2.024911744
13 6 3 1562871 2.024917447
11 2 3 8898 2.024922173
82 75 3 74339 2.024922839
74 79 3 482621 2.024923537
6 3 3 196186 2.024924631
82 83 3 34263 2.024926645
13 3 3 43222 2.024929383
79 87 3 173108 2.024934854
81 82 3 1803491 2.024938986
89 88 3 66593 2.024957988
44 47 3 181246 2.024959449
8 87 3 1287814 2.024970123
15 13 3 143981 2.024980052
37 48 3 3954168 2.024980999
87 75 3 123355 2.025004930
82 85 3 29940 2.025005248
47 11 3 26170 2.025006096
42 40 3 1390176 2.025007951
40 37 3 23197 2.025013556
81 5 3 27497 2.025016891
8 86 3 32043 2.025025598
45 75 3 71111 2.025048539
46 11 3 113978 2.025051501
40 75 3 1322829 2.025058011
89 84 3 24940 2.025058178
1 9 3 606412 2.025069710
10 0 3 1308734 2.025080207
43 82 3 757 2.025081185
44 49 3 1023187 2.025087445
9 2 3 147364 2.025101943
13 9 3 1958199 2.025113833
42 79 3 23823 2.025116879
51 44 3 54015 2.025118378
37 44 3 909680 2.025132626
38 81 3 3070921 2.025139642
78 76 3 157238 2.025143745
38 48 3 1553864 2.025147306
15 7 3 142814 2.025156066
37 44 3 1971517 2.025159315
9 5 3 138153 2.025183531
78 89 3 21678 2.025189477
84 87 3 2243848 2.025196580
86 79 3 9076 2.025206572
41 49 3 40202 2.025211427
7 41 3 1076952 2.025219105
12 7 3 125963 2.025220670
6 49 3 19746 2.025222992
48 83 3 26038744 2.025228913
75 79 3 30738 2.025239351
39 38 3 68422 2.025241396
82 79 3 22594 2.025242944
41 1 3 2237470 2.025246646
50 89 3 6262132 2.025268880
84 83 3 814217 2.025268924
40 47 3 51300 2.025277188
14 11 3 74350 2.025277901
52 43 3 462282 2.025288327
38 1 3 3110803 2.025292277
87 79 3 6612 2.025300479
74 87 3 3829309 2.025305712
52 49 3 45704 2.025306936
50 88 3 24277 2.025307302
2 13 3 23671540 2.025309009
46 5 3 9070311 2.025324421
8 39 3 25512 2.025346537
75 83 3 17700044 2.025353502
12 40 3 2801897 2.025362132
43 50 3 51338 2.025368122
42 38 3 22807 2.025371641
12 37 3 32768 2.025381122
48 51 3 22566 2.025385332
81 82 3 5936 2.025391788
39 77 3 4664828 2.025393538
74 77 3 811137 2.025395786
0 1 3 753193 2.025404084
78 79 3 4171 2.025404818
1 74 3 51804 2.025410295
15 12 3 846403 2.025410439
13 6 3 20307 2.025416580
13 15 3 56857 2.025427466
10 78 3 9809 2.025434975
38 48 3 8500 2.025442286
5 84 3 9935 2.025445202
89 86 3 6227704 2.025448428
9 43 3 7875346 2.025454029
82 77 3 47804 2.025456523
41 4 3 12649 2.025456549
79 89 3 112043 2.025461140
12 11 3 42926 2.025462909
0 1 3 61368 2.025479080
3 0 3 237118 2.025484599
10 0 3 186700 2.025485955
37 74 3 833688 2.025494579
51 11 3 11750 2.025498520
40 87 3 8559739 2.025503808
14 10 3 596235 2.025511223
12 0 3 390049 2.025514888
42 1 3 34057 2.025519232
79 82 3 8442 2.025521128
76 74 3 6883820 2.025524415
47 42 3 28621 2.025547295
78 75 3 299771 2.025550134
37 40 3 9250696 2.025550686
79 6 3 123936 2.025556131
11 8 3 22680 2.025563833
74 79 3 191278 2.025566555
0 85 3 5956 2.025568439
78 85 3 2525 2.025570374
2 5 3 4237250 2.025584256
77 3 3 16065 2.025598947
75 78 3 768443 2.025604733
6 3 3 2330116 2.025617213
82 49 3 36946 2.025622086
4 1 3 1570845 2.025627191
41 15 3 3671 2.025629920
78 76 3 1131974 2.025632463
81 85 3 9114681 2.025633364
13 79 3 7296257 2.025644667
77 10 3 53890 2.025644846
83 79 3 77617 2.025650166
3 84 3 69845 2.025659609
46 44 3 5914356 2.025668043
44 47 3 45773 2.025675240
86 42 3 7673859 2.025679512
41 51 3 198340 2.025684915
88 83 3 4714611 2.025685242
48 4 3 1346350 2.025691614
41 78 3 1343791 2.025699639
50 51 3 18703 2.025700609
78 47 3 1337424 2.025705039
74 82 3 1984299 2.025709576
46 43 3 96997 2.025717112
51 44 3 1947392 2.025719207
1 14 3 55568 2.025724294
0 79 3 8298 2.025725368
87 77 3 66399 2.025733101
6 10 3 4126 2.025741311
4 48 3 58328 2.025742401
83 78 3 5775516 2.025757859
85 82 3 3062294 2.025759095
50 45 3 1462691 2.025765054
48 13 3 5469 2.025782202
88 41 3 1048220 2.025822978
38 44 3 1076548 2.025826075
41 43 3 300859 2.025827288
7 14 3 165456 2.025831789
44 45 3 1089029 2.025833921
48 42 3 5160 2.025835760
79 77 3 46057 2.025835975
87 80 3 3229976 2.025848449
49 46 3 1690932 2.025871455
79 84 3 4627494 2.025881143
51 42 3 7584712 2.025882394
38 46 3 23653 2.025883506
40 45 3 17764200 2.025895452
51 84 3 7050350 2.025895814
45 49 3 12993 2.025902570
1 2 3 1177560 2.025908356
88 76 3 263882 2.025914319
8 1 3 2404767 2.025914438
47 52 3 61731 2.025919547
13 1 3 53755 2.025930247
84 80 3 280212 2.025933907
81 86 3 2657057 2.025940156
2 0 3 9206765 2.025946592
0 3 3 14729 2.025946711
12 43 3 16264 2.025956485
43 49 3 70864 2.025957001
85 81 3 29454 2.025957950
8 10 3 3496632 2.025972201
8 78 3 5300489 2.025985510
0 15 3 40711 2.025988312
48 0 3 4791522 2.025991410
79 85 3 3502 2.025999989
6 79 3 2657 2.026003836
77 86 3 3193 2.026008240
8 76 3 75265 2.026015258
81 83 3 13166 2.026027626
12 6 3 3792895 2.026032907
47 38 3 1223985 2.026033865
9 0 3 223574 2.026061776
15 12 3 587331 2.026066725
13 6 3 147717 2.026069697
2 14 3 5302434 2.026076796
86 40 3 73890 2.026079924
75 89 3 6709 2.026081567
85 48 3 40830 2.026086857
88 75 3 6611570 2.026090879
86 76 3 4649501 2.026092939
42 37 3 1004447 2.026108867
0 48 3 203796 2.026112453
1 5 3 23615 2.026114676
77 10 3 5520854 2.026115876
86 74 3 52158 2.026117291
79 76 3 1222309 2.026123381
12 83 3 1975891 2.026127687
12 83 3 11087 2.026135526
15 52 3 19547 2.026138404
40 37 3 1661186 2.026141380
41 43 3 79830 2.026146450
87 0 3 1018545 2.026147803
15 43 3 4429 2.026162522
79 76 3 60531 2.026163291
1 49 3 1144720 2.026166270
49 6 3 11820 2.026167149
83 89 3 3263195 2.026167541
86 46 3 454 2.026175293
48 43 3 75423 2.026178178
79 85 3 43076 2.026194861
14 13 3 72764 2.026200946
5 4 3 614954 2.026202160
10 15 3 43570 2.026203750
38 87 3 59482 2.026205351
43 49 3 50102 2.026205555
75 82 3 6657 2.026210023
42 39 3 42482 2.026214533
77 51 3 50555 2.026215969
39 87 3 46571 2.026217079
38 44 3 9945829 2.026221049
14 13 3 55364 2.026222454
41 43 3 6274 2.026223496
40 45 3 36436 2.026252394
84 78 3 56032 2.026260616
84 86 3 63395 2.026276674
14 0 3 8141143 2.026281608
15 13 3 24176 2.026285842
44 83 3 73057 2.026300756
84 15 3 7812927 2.026301128
41 50 3 4522096 2.026306399
14 6 3 2277907 2.026307577
39 78 3 51085 2.026323065
5 44 3 61646 2.026327278
74 85 3 3724656 2.026333230
0 3 3 750726 2.026333488
41 7 3 5406 2.026345956
15 84 3 12949 2.026347696
11 12 3 1694150 2.026353492
81 75 3 3778 2.026353687
45 74 3 891737 2.026365703
87 39 3 7809 2.026368800
0 12 3 26100 2.026377363
43 44 3 9252646 2.026394633
1 37 3 31341 2.026405182
76 52 3 55809 2.026409957
47 43 3 4827910 2.026415099
1 15 3 83001 2.026416373
77 85 3 1407628 2.026436879
43 84 3 3330 2.026441886
8 88 3 43848 2.026445208
74 88 3 5937839 2.026459374
46 37 3 2364102 2.026464360
44 46 3 61947 2.026471350
10 2 3 70272 2.026483574
74 75 3 2054024 2.026490386
9 6 3 1697299 2.026493900
14 11 3 7687455 2.026498575
52 43 3 71026 2.026511071
89 83 3 191840 2.026515399
40 1 3 48133 2.026519103
39 40 3 63780 2.026520970
89 88 3 37904 2.026542242
12 86 3 115522 2.026561211
10 51 3 1110422 2.026562724
75 5 3 952342 2.026577684
87 88 3 72918 2.026581963
10 79 3 137851 2.026583462
48 80 3 576767 2.026590808
4 5 3 7707880 2.026596163
41 45 3 558141 2.026611320
0 11 3 8007961 2.026616611
38 37 3 4791 2.026617103
44 50 3 11287329 2.026618381
45 39 3 34227 2.026621482
39 41 3 2021006 2.026635910
9 41 3 29542 2.026642580
80 85 3 9468135 2.026645774
85 88 3 74287 2.026653727
6 13 3 11261 2.026663762
12 5 3 3824863 2.026671733
10 89 3 158627 2.026678930
15 38 3 19320 2.026679990
50 40 3 4248 2.026681974
11 5 3 8878918 2.026682285
12 6 3 5735629 2.026695410
38 46 3 650105 2.026704492
78 37 3 1562180 2.026707181
77 83 3 1094002 2.026707497
83 14 3 32776 2.026709924
40 76 3 381480 2.026733767
88 41 3 1170091 2.026738398
89 74 3 299282 2.026753426
86 77 3 83031 2.026757740
3 77 3 504 2.026758041
46 6 3 60007 2.026778058
45 38 3 38868 2.026780935
5 9 3 7063750 2.026791040
0 3 3 71409 2.026793248
75 82 3 32557 2.026795379
79 87 3 34361 2.026795586
0 4 3 22009 2.026798514
89 79 3 132144 2.026799987
3 83 3 15258641 2.026802668
37 0 3 2476 2.026804943
47 40 3 378446 2.026808289
79 76 3 613681 2.026810509
11 89 3 3691357 2.026812412
5 81 3 22045 2.026814022
11 7 3 1794391 2.026823328
38 40 3 101752 2.026825129
88 80 3 9676 2.026825959
43 52 3 644240 2.026831093
7 14 3 30857 2.026840227
84 51 3 47892 2.026853339
42 3 3 1970595 2.026853378
84 74 3 73705 2.026865956
52 40 3 5552 2.026869904
76 86 3 67488 2.026873480
79 11 3 4859820 2.026873507
52 83 3 901824 2.026886901
51 45 3 45419 2.026887182
12 46 3 8021992 2.026896580
86 74 3 17605 2.026921653
87 76 3 129610 2.026930560
83 89 3 9402515 2.026943888
2 41 3 74675 2.026944558
85 87 3 21747532 2.026949227
51 47 3 43739 2.026961519
74 82 3 1242610 2.026964047
43 80 3 3646285 2.026964916
13 11 3 6265 2.026965396
84 80 3 68080 2.026966557
11 14 3 2131365 2.026972479
0 84 3 65624 2.026974859
84 85 3 28585 2.026984407
12 43 3 4516 2.027001158
10 2 3 21575815 2.027006395
48 38 3 29490 2.027006725
85 76 3 2417 2.027015577
0 9 3 20931 2.027028928
2 82 3 7232535 2.027031948
14 6 3 153465 2.027031999
51 4 3 3773 2.027034867
14 46 3 1416219 2.027035447
85 81 3 301504 2.027038731
85 78 3 61089 2.027043965
5 0 3 1985263 2.027045678
87 12 3 1523 2.027045713
42 40 3 2863902 2.027047879
3 48 3 5205 2.027059343
89 76 3 48100 2.027061986
77 14 3 6957 2.027071740
50 37 3 106537 2.027072417
47 76 3 41003 2.027085060
38 83 3 1845299 2.027087631
42 51 3 38733 2.027088067
84 42 3 68021 2.027098326
50 39 3 7928 2.027106702
89 85 3 54320 2.027112005
49 43 3 53922 2.027115232
50 42 3 6910039 2.027115334
48 50 3 12618 2.027115715
14 4 3 2729686 2.027117645
82 81 3 6975124 2.027122440
84 86 3 41312 2.027132088
15 11 3 77221 2.027145195
81 43 3 34328 2.027164293
83 80 3 3943048 2.027166828
5 8 3 6957509 2.027167449
5 1 3 421210 2.027175419
7 75 3 6430 2.027178512
77 74 3 957610 2.027190741
44 5 3 78607 2.027201940
40 5 3 3952 2.027211791
4 49 3 43512 2.027212698
49 42 3 26193 2.027219337
11 52 3 5247780 2.027222138
77 85 3 5026 2.027222275
51 41 3 59709 2.027237030
7 81 3 4333916 2.027244304
78 37 3 241904 2.027250221
48 37 3 4826834 2.027251264
12 6 3 4146 2.027254050
38 37 3 69743 2.027260566
76 74 3 171241 2.027278803
74 38 3 72473 2.027284043
77 74 3 76837 2.027290387
4 13 3 44038 2.027294936
77 80 3 3829917 2.027297012
6 10 3 78113 2.027309115
50 78 3 4707123 2.027321325
77 52 3 40858 2.027358853
43 7 3 28496 2.027366842
37 84 3 5164870 2.027366856
74 40 3 136423 2.027378188
85 76 3 11771 2.027380649
0 9 3 5231401 2.027387572
12 13 3 128969 2.027394556
49 84 3 29322 2.027394816
2 75 3 886654 2.027396420
39 44 3 728 2.027397490
8 2 3 29981354 2.027402767
7 10 3 35595 2.027403945
42 9 3 43112 2.027405212
75 78 3 239976 2.027425997
6 7 3 68146 2.027438475
41 80 3 24007669 2.027440853
49 52 3 72066 2.027442271
2 7 3 27219 2.027446103
9 10 3 37310 2.027454270
51 52 3 6685 2.027455457
89 86 3 61641 2.027462437
0 1 3 100934 2.027472324
4 5 3 7680876 2.027489041
46 49 3 8383404 2.027494934
37 6 3 4450469 2.027496968
14 6 3 4103974 2.027514878
1 13 3 1676525 2.027520744
8 6 3 45301 2.027524688
2 1 3 13938 2.027525810
38 37 3 1669652 2.027529330
41 14 3 9015 2.027529870
41 10 3 131033 2.027546355
86 87 3 72462 2.027564747
79 5 3 4830 2.027567466
42 38 3 2939 2.027572009
47 45 3 9204 2.027573569
40 86 3 23956 2.027576683
39 7 3 1571560 2.027583126
81 85 3 29878 2.027587133
11 44 3 904182 2.027598157
37 81 3 106816 2.027604632
14 11 3 77060 2.027607774
7 37 3 1147134 2.027614530
74 86 3 50229 2.027614782
51 78 3 60133 2.027626751
0 38 3 2828640 2.027636215
5 41 3 233121 2.027640601
49 37 3 109854 2.027641782
83 37 3 629326 2.027653496
6 7 3 3992 2.027653786
12 39 3 12917773 2.027655753
89 79 3 187060 2.027661229
86 4 3 2993153 2.027662987
39 40 3 726406 2.027663177
5 10 3 4950550 2.027667422
84 76 3 1035101 2.027674973
13 78 3 2005662 2.027677499
79 80 3 70141 2.027677697
39 46 3 928677 2.027695895
6 87 3 33663 2.027699520
9 11 3 4756 2.027701994
79 82 3 1008077 2.027707898
13 44 3 1853415 2.027710123
89 82 3 73319 2.027712905
6 75 3 126412 2.027713468
46 51 3 29731 2.027728279
81 45 3 126440 2.027729552
52 14 3 1481301 2.027730576
77 10 3 7065 2.027731145
82 6 3 424502 2.027731856
8 2 3 190167 2.027744759
84 85 3 2000108 2.027750566
78 89 3 26761 2.027751362
6 74 3 61876 2.027760639
81 84 3 260219 2.027767698
3 0 3 78542 2.027768955
12 8 3 5951 2.027775052
74 78 3 8121858 2.027787965
80 79 3 68586 2.027788189
3 87 3 1924796 2.027789505
5 81 3 1444 2.027804260
15 12 3 75859 2.027821096
15 7 3 24018 2.027821585
37 38 3 2694 2.027822069
85 41 3 2663459 2.027825195
46 39 3 1531361 2.027825865
50 52 3 1651586 2.027827077
87 85 3 8483 2.027828001
82 4 3 7247 2.027830609
79 82 3 6069 2.027835352
44 49 3 20403 2.027858723
9 8 3 38207 2.027859983
2 3 3 45385 2.027860721
49 48 3 7136 2.027865673
82 12 3 1543018 2.027873718
74 79 3 889083 2.027874630
51 88 3 1560370 2.027878556
45 74 3 9381136 2.027889153
14 50 3 97307 2.027896548
14 38 3 16386 2.027900959
84 89 3 79831 2.027905525
15 87 3 1140689 2.027915943
0 79 3 746481 2.027917236
8 3 3 1941 2.027925442
88 85 3 30487 2.027947414
6 37 3 166521 2.027953428
80 42 3 29220 2.027958798
13 38 3 4145 2.027959685
84 77 3 33144 2.027960133
85 6 3 697309 2.027962113
13 4 3 74021 2.027967948
3 87 3 1244263 2.027969766
11 45 3 27004 2.027984798
2 82 3 2449322 2.027987652
9 48 3 773322 2.027988253
42 87 3 1660065 2.027995483
49 42 3 58620 2.027995540
75 86 3 70965 2.028011214
37 48 3 4300471 2.028016161
40 74 3 657144 2.028026389
3 83 3 39982 2.028034211
84 14 3 75495 2.028038852
1 88 3 72112 2.028043849
10 78 3 1910533 2.028070124
76 75 3 14059 2.028080929
46 15 3 25831 2.028081345
37 3 3 3228298 2.028087407
7 4 3 1052541 2.028095390
39 38 3 392808 2.028108428
10 2 3 189440 2.028112618
3 11 3 306920 2.028125938
49 11 3 104118 2.028133371
45 38 3 22022 2.028134012
88 83 3 3575475 2.028134663
37 7 3 7603 2.028134727
5 88 3 20115737 2.028143399
39 86 3 12202526 2.028158344
87 76 3 4973605 2.028160281
74 88 3 304 2.028160492
80 88 3 54938 2.028186836
45 42 3 184687 2.028205680
9 3 3 67754 2.028220823
42 47 3 36492 2.028224368
52 87 3 984155 2.028224836
41 8 3 41767 2.028231411
46 77 3 13487 2.028240804
39 40 3 52885 2.028240904
4 13 3 7271630 2.028241556
9 10 3 9811 2.028244685
48 37 3 7013950 2.028248499
82 80 3 2215 2.028251012
6 0 3 29877 2.028253425
80 77 3 1975088 2.028255288
6 8 3 24998 2.028260415
3 41 3 9016 2.028271894
80 88 3 777 2.028273345
45 3 3 24283 2.028289937
10 6 3 23762 2.028291969
49 84 3 4766607 2.028293829
14 83 3 32018 2.028298048
15 46 3 197751 2.028300046
80 38 3 1927639 2.028307536
1 8 3 101748 2.028346790
46 81 3 3705854 2.028352521
7 4 3 111629 2.028357066
5 50 3 4059818 2.028375977
49 1 3 4377802 2.028378043
37 1 3 22686 2.028388901
44 11 3 12578 2.028391687
46 87 3 47890 2.028392845
44 46 3 73478 2.028402618
0 80 3 25217 2.028408516
82 74 3 613326 2.028418569
47 44 3 159410 2.028423519
80 89 3 411827 2.028427562
47 40 3 9938854 2.028433284
37 89 3 337167 2.028434859
38 47 3 3784650 2.028439036
52 43 3 71037 2.028439824
82 78 3 27537 2.028440808
39 41 3 64831 2.028457339
44 49 3 64755 2.028459085
6 39 3 29058013 2.028462340
46 85 3 3786553 2.028474071
40 11 3 895624 2.028483205
1 4 3 6570 2.028486831
1 0 3 714416 2.028488921
13 86 3 483718 2.028493021
13 4 3 65701 2.028494780
86 77 3 194071 2.028498135
85 82 3 4533016 2.028508925
0 46 3 715424 2.028511289
2 39 3 67936 2.028513272
75 80 3 7361 2.028516158
15 89 3 37119 2.028516456
78 1 3 25233 2.028519112
51 86 3 63224 2.028521156
9 6 3 6364 2.028525185
38 37 3 1650979 2.028541452
37 4 3 4288622 2.028561040
41 42 3 8120 2.028563022
4 9 3 133998 2.028563356
81 82 3 26366 2.028568410
84 76 3 815086 2.028575083
82 77 3 3838 2.028576959
39 37 3 881 2.028584340
15 43 3 6621 2.028598716
52 84 3 1861226 2.028606530
49 51 3 4810 2.028623649
41 42 3 31486 2.028631158
37 81 3 3672798 2.028640592
9 44 3 645016 2.028652043
2 1 3 10747125 2.028659113
38 50 3 198364 2.028675964
39 0 3 1907020 2.028677825
43 3 3 23934 2.028679233
41 44 3 5654444 2.028679566
43 15 3 91244 2.028680937
81 76 3 15016 2.028692400
3 13 3 9650270 2.028700037
78 39 3 5558865 2.028717806
89 84 3 9911625 2.028720881
40 46 3 32237 2.028723699
8 15 3 101271 2.028741920
10 48 3 1197964 2.028752039
89 83 3 1699526 2.028753244
85 88 3 50061 2.028754319
2 8 3 39554 2.028762046
50 41 3 1407964 2.028767397
4 1 3 949944 2.028778255
15 83 3 6002 2.028782684
89 82 3 3909740 2.028782782
42 40 3 9139 2.028784537
42 2 3 3988246 2.028790320
5 14 3 59390 2.028792769
38 40 3 10080 2.028792776
45 50 3 6849860 2.028798375
48 41 3 8764 2.028813519
75 2 3 31463 2.028815186
11 12 3 7490 2.028821556
13 5 3 24924 2.028823346
5 89 3 23045 2.028834927
81 83 3 969510 2.028847715
87 74 3 88809 2.028857622
86 78 3 6315 2.028859648
45 5 3 3208 2.028877158
0 14 3 3834 2.028885477
52 6 3 174586 2.028887044
39 9 3 8312 2.028895575
10 37 3 2289410 2.028916748
89 1 3 3577 2.028917747
89 11 3 1732054 2.028920602
2 79 3 3329453 2.028924887
51 43 3 28066 2.028927028
10 43 3 5345 2.028931523
10 14 3 184006 2.028937140
50 42 3 48442 2.028938009
37 12 3 2798230 2.028951402
89 74 3 42621 2.028954482
79 4 3 4150700 2.028959208
81 1 3 159361 2.028979944
86 81 3 901959 2.028995156
80 45 3 719546 2.029011809
77 12 3 57561 2.029013602
49 47 3 72267 2.029014123
76 86 3 1456 2.029019165
37 47 3 5912207 2.029019426
42 43 3 4629473 2.029031188
38 41 3 42908 2.029053741
42 52 3 2067040 2.029071172
2 46 3 3746 2.029073858
14 48 3 451883 2.029074622
81 39 3 274797 2.029077333
74 45 3 28673 2.029078810
10 6 3 399 2.029079205
8 41 3 27502 2.029089347
2 6 3 1378496 2.029098976
80 88 3 3439322 2.029101142
89 75 3 6874175 2.029101833
4 15 3 103 2.029121488
47 43 3 67464 2.029143187
1 6 3 2497 2.029150734
81 80 3 2139999 2.029157798
37 14 3 9351101 2.029163159
9 45 3 281920 2.029164558
83 86 3 9156 2.029175758
6 9 3 4481846 2.029176597
75 39 3 3741411 2.029182441
12 76 3 9317013 2.029199025
12 41 3 1628288 2.029203821
10 3 3 26830400 2.029208638
12 85 3 1301559 2.029217052
42 50 3 1539065 2.029217289
44 46 3 136634 2.029233862
79 84 3 42643 2.029234737
76 78 3 22811 2.029249921
85 86 3 1915 2.029257920
15 45 3 23159 2.029261868
13 10 3 957373 2.029266546
82 85 3 76834 2.029267729
37 50 3 2220 2.029283502
77 85 3 72381 2.029285706
49 37 3 29788 2.029303902
79 74 3 1302893 2.029313638
12 7 3 23257782 2.029315954
78 74 3 53475 2.029326566
75 40 3 5022641 2.029334368
51 0 3 2146 2.029335133
1 44 3 37055 2.029339258
40 49 3 2601142 2.029345134
3 45 3 11173668 2.029351572
52 50 3 8019878 2.029358015
11 76 3 5187 2.029362988
13 52 3 18057 2.029370182
86 75 3 22319 2.029374500
51 83 3 4567921 2.029375840
86 15 3 3028 2.029381051
4 14 3 4847 2.029386712
76 1 3 60769 2.029391441
87 74 3 34958 2.029407168
41 40 3 31674 2.029408571
87 79 3 4900221 2.029411217
1 13 3 142134 2.029415241
84 86 3 65484 2.029415803
0 78 3 8172 2.029417157
4 15 3 802014 2.029417644
41 46 3 8964 2.029418638
12 49 3 2295150 2.029450597
9 41 3 79023 2.029460280
89 83 3 84123 2.029461964
86 37 3 17221 2.029462881
46 50 3 1877340 2.029464647
82 79 3 16808 2.029494172
45 37 3 2063 2.029494220
37 47 3 8034532 2.029521493
41 80 3 6590001 2.029527929
2 38 3 9324 2.029533754
50 47 3 72900 2.029544249
77 82 3 176500 2.029547781
13 15 3 698937 2.029571193
52 49 3 943447 2.029583956
11 15 3 189402 2.029584163
42 48 3 891588 2.029593930
4 14 3 9165 2.029605499
76 88 3 31123 2.029608147
81 83 3 655936 2.029612023
14 88 3 4488874 2.029612048
7 38 3 22315 2.029614325
4 9 3 11085 2.029643568
44 52 3 1163458 2.029648304
11 14 3 221826 2.029652925
50 1 3 27408 2.029658918
38 40 3 68230 2.029681774
80 39 3 837720 2.029692294
38 2 3 721203 2.029695287
82 85 3 2361546 2.029696519
40 38 3 2092 2.029702719
78 81 3 13620864 2.029714643
2 6 3 79597 2.029717906
47 46 3 28713 2.029734836
41 0 3 49036 2.029737317
80 45 3 604486 2.029750218
77 14 3 36117 2.029770873
5 77 3 23233 2.029777635
82 74 3 1277355 2.029779688
52 46 3 1131040 2.029788629
39 6 3 1584700 2.029794183
80 75 3 6474664 2.029795307
42 51 3 26524 2.029801342
77 1 3 167722 2.029816261
8 77 3 4775371 2.029822284
82 81 3 8070460 2.029831260
47 43 3 29361816 2.029835178
52 84 3 60103 2.029837063
87 6 3 5559 2.029843243
38 3 3 53598 2.029857393
52 4 3 7010 2.029858597
82 12 3 2587575 2.029861071
81 86 3 1335233 2.029869833
6 1 3 6986 2.029873436
48 1 3 1121254 2.029876790
79 83 3 1154 2.029877347
41 39 3 27491327 2.029891834
49 45 3 53158 2.029895091
9 88 3 36361 2.029896195
12 15 3 29436 2.029905460
74 80 3 2745443 2.029907584
88 74 3 8385898 2.029915793
86 40 3 25400035 2.029923627
86 81 3 29705153 2.029924319
86 85 3 551976 2.029934423
79 74 3 4065937 2.029954983
76 77 3 76169 2.029962673
3 52 3 88538 2.029974898
80 89 3 122 2.029978276
13 86 3 4721 2.029991286
41 84 3 1530418 2.030003357
6 13 3 23107 2.030007706
79 39 3 8902 2.030010236
88 9 3 28084 2.030014565
51 13 3 3214205 2.030019628
80 7 3 852929 2.030026177
37 44 3 14625 2.030049632
49 51 3 108487 2.030049960
48 0 3 5292608 2.030076392
13 14 3 8189824 2.030078508
51 43 3 36392 2.030084854
43 78 3 569680 2.030085933
48 75 3 41155 2.030094932
14 12 3 33261 2.030099212
43 52 3 20251 2.030100156
5 43 3 52159 2.030112564
9 86 3 8631969 2.030114388
48 6 3 1801443 2.030121230
7 5 3 2167 2.030124061
48 46 3 76103 2.030127822
13 9 3 3337276 2.030127832
78 39 3 1089314 2.030129868
47 51 3 85855 2.030130136
14 52 3 16452 2.030130270
46 75 3 41293 2.030132951
88 5 3 77793 2.030139788
11 6 3 73989 2.030142360
6 40 3 839080 2.030151857
51 13 3 48171 2.030156655
41 11 3 28160812 2.030163077
46 39 3 125172 2.030165577
15 1 3 8614334 2.030167481
42 47 3 56871 2.030170376
42 44 3 770983 2.030178153
50 74 3 17064973 2.030181521
78 84 3 415644 2.030183416
44 74 3 952482 2.030185821
8 15 3 3085944 2.030190561
11 9 3 30519 2.030207491
0 5 3 66860 2.030221166
76 6 3 287444 2.030225576
46 3 3 28653895 2.030229311
88 85 3 1131 2.030234169
47 38 3 872902 2.030234623
1 15 3 8897376 2.030237154
80 83 3 1524179 2.030244702
74 77 3 2736065 2.030248596
40 82 3 48841 2.030250100
44 7 3 1026 2.030259493
81 74 3 46164 2.030281171
10 42 3 4510130 2.030287326
37 80 3 39392 2.030291600
14 13 3 72483 2.030300785
87 79 3 23632 2.030305924
2 7 3 197790 2.030330012
13 50 3 4809197 2.030331597
47 48 3 38709 2.030331676
49 6 3 79258 2.030343688
47 37 3 1752964 2.030346598
38 51 3 9089 2.030354676
74 43 3 603978 2.030354783
2 8 3 63586 2.030356302
87 78 3 36269 2.030365070
11 75 3 53208 2.030369358
77 82 3 3498035 2.030372124
11 77 3 64784 2.030385689
10 12 3 72830 2.030388401
44 43 3 1312858 2.030388424
82 2 3 1384248 2.030393910
12 51 3 4017944 2.030415829
49 40 3 44451 2.030425707
81 40 3 1299126 2.030433329
37 49 3 708029 2.030439209
14 52 3 8859096 2.030439688
45 9 3 69854 2.030443696
2 5 3 143411 2.030449074
85 80 3 50913 2.030449428
3 15 3 2078618 2.030462573
13 51 3 4133228 2.030464089
80 88 3 56179 2.030478687
38 51 3 73587 2.030491913
50 40 3 635644 2.030513360
79 80 3 3166848 2.030527075
46 40 3 21046 2.030528653
1 5 3 5239 2.030530402
39 2 3 50533 2.030530434
37 86 3 7258 2.030533392
45 40 3 51992 2.030544061
12 1 3 6052386 2.030547291
46 39 3 65702 2.030567763
81 88 3 55552 2.030583373
82 11 3 5725828 2.030587298
52 50 3 86167 2.030589640
76 44 3 46432 2.030600384
46 5 3 57875 2.030601048
1 3 3 1015254 2.030601338
78 82 3 599000 2.030609457
52 37 3 1567 2.030621895
37 5 3 3906 2.030628514
51 39 3 70756 2.030638220
83 89 3 3527 2.030659039
8 6 3 63164 2.030662403
1 51 3 4441863 2.030663257
76 75 3 19006 2.030665591
47 48 3 388719 2.030671563
48 44 3 23654 2.030695726
84 77 3 57614 2.030699774
86 85 3 21144601 2.030714166
79 76 3 9858118 2.030729977
44 52 3 8540896 2.030730976
74 79 3 378113 2.030736115
9 6 3 6833 2.030751025
78 85 3 165909 2.030760847
75 78 3 73575 2.030760883
48 49 3 10577 2.030764475
37 51 3 9287625 2.030778742
11 84 3 33880 2.030793295
89 85 3 33460 2.030799388
78 76 3 630742 2.030800937
8 80 3 29201 2.030801226
50 13 3 57122 2.030805417
3 14 3 14194 2.030819855
80 83 3 189210 2.030820370
3 1 3 7596 2.030843280
89 85 3 1862146 2.030852091
0 3 3 1325286 2.030860699
82 2 3 20711332 2.030879416
44 79 3 3180 2.030880413
49 11 3 366640 2.030880469
8 15 3 1971745 2.030882590
50 85 3 52211 2.030888837
39 88 3 4691101 2.030907189
43 37 3 10592925 2.030911142
44 43 3 156276 2.030914039
14 1 3 28241 2.030921167
6 43 3 1403721 2.030925840
4 6 3 1426210 2.030928993
37 48 3 342635 2.030937065
89 88 3 724153 2.030937136
9 51 3 1659505 2.030956507
52 48 3 6031090 2.030974201
79 88 3 18773 2.030983592
11 6 3 614649 2.030986890
0 6 3 1078105 2.030994168
84 82 3 4311 2.030995268
85 87 3 3988418 2.030996137
38 2 3 10671 2.031002969
75 11 3 835772 2.031010939
85 81 3 6252399 2.031016524
45 40 3 8048325 2.031034282
42 48 3 43180 2.031040375
85 3 3 22162 2.031048578
5 48 3 3877647 2.031050791
77 85 3 51687 2.031058947
13 3 3 1994075 2.031062935
39 8 3 26133 2.031075288
52 78 3 9591648 2.031081897
2 76 3 1155 2.031083029
5 1 3 9451406 2.031083718
4 11 3 1295618 2.031093821
89 78 3 11499 2.031094755
46 87 3 1392758 2.031095420
85 80 3 27897 2.031096715
4 5 3 3171 2.031096880
3 79 3 1141893 2.031097081
89 75 3 189427 2.031098069
4 11 3 29315 2.031098533
89 87 3 817888 2.031104886
75 48 3 4996790 2.031124364
48 13 3 540336 2.031148710
46 51 3 27179741 2.031159441
41 40 3 56944 2.031159944
37 42 3 31427 2.031161335
85 75 3 562503 2.031162622
39 87 3 25447 2.031163996
45 39 3 1093526 2.031165919
39 9 3 78767 2.031172216
74 1 3 26487 2.031172465
81 83 3 2742 2.031177106
9 10 3 52777 2.031193726
37 1 3 1760273 2.031194173
10 6 3 23155 2.031200621
79 84 3 13271 2.031209219
46 51 3 9551 2.031225268
88 74 3 6142 2.031226968
51 38 3 3312109 2.031261776
75 81 3 29909 2.031273210
75 86 3 333782 2.031297037
84 86 3 21678 2.031326482
37 80 3 4681543 2.031328492
13 14 3 1432938 2.031333344
42 85 3 3216443 2.031343363
6 51 3 719644 2.031348191
78 7 3 3868 2.031356811
14 1 3 43297 2.031359878
48 85 3 7902 2.031362839
42 50 3 9577 2.031363660
13 38 3 1703781 2.031367107
4 51 3 471906 2.031368306
83 48 3 1112431 2.031368375
9 49 3 8133092 2.031392167
3 49 3 1296 2.031400734
7 48 3 74463 2.031403676
8 76 3 355 2.031408241
81 88 3 3516277 2.031411628
80 76 3 3132122 2.031413404
45 50 3 22827 2.031420165
8 49 3 491074 2.031421201
40 38 3 55597 2.031423219
45 42 3 37996 2.031424212
39 40 3 27513098 2.031440205
2 49 3 9700876 2.031447829
79 7 3 1324423 2.031455634
5 75 3 1122 2.031458478
48 37 3 9057008 2.031467883
83 3 3 349293 2.031468850
6 88 3 70397 2.031470426
0 14 3 164065 2.031471685
76 7 3 2272893 2.031473990
0 9 3 2863 2.031475938
13 87 3 60011 2.031477341
38 37 3 18926 2.031479824
13 43 3 8158735 2.031482580
84 82 3 2503764 2.031486019
47 74 3 7640462 2.031488736
1 44 3 5104872 2.031492151
10 42 3 1117385 2.031536312
87 14 3 639750 2.031539620
4 42 3 6975790 2.031539832
78 85 3 1767256 2.031543479
11 77 3 7694 2.031548051
46 89 3 51181 2.031573866
43 44 3 24793623 2.031574817
84 76 3 14464 2.031586006
0 7 3 89810 2.031589270
82 89 3 38041 2.031591365
2 14 3 44103 2.031597020
76 51 3 74717 2.031604910
9 89 3 5285594 2.031606573
49 50 3 6218 2.031607234
11 5 3 163306 2.031609833
81 86 3 79484 2.031610434
49 5 3 168275 2.031611918
81 11 3 36319 2.031616858
0 48 3 7980287 2.031618767
85 82 3 13888 2.031623929
51 46 3 23365 2.031624173
11 39 3 2747265 2.031626767
87 89 3 212079 2.031629280
44 47 3 15683 2.031632298
48 45 3 1742707 2.031640953
40 47 3 184595 2.031653206
5 85 3 11118 2.031662003
81 84 3 55652 2.031662356
52 83 3 1408487 2.031668287
6 0 3 915303 2.031672925
43 47 3 1017 2.031674723
4 39 3 134675 2.031676858
3 4 3 667912 2.031685285
37 40 3 20430 2.031686416
38 51 3 49325 2.031687630
77 82 3 11478 2.031696064
50 47 3 5150907 2.031703259
52 50 3 33980 2.031705392
0 5 3 67517 2.031707800
44 46 3 1659335 2.031717460
74 78 3 59493 2.031721917
47 38 3 628651 2.031728967
11 5 3 69207 2.031734047
87 83 3 134190 2.031737687
41 42 3 51161 2.031752077
13 79 3 66958 2.031752531
47 41 3 20089 2.031760521
43 75 3 8464 2.031763514
9 0 3 136130 2.031768283
3 11 3 73927 2.031773863
9 6 3 579267 2.031776985
41 85 3 2981673 2.031779243
80 85 3 1017173 2.031786793
48 42 3 1445 2.031793153
41 77 3 426653 2.031797075
11 1 3 42055 2.031805482
46 45 3 2651762 2.031816254
5 0 3 11110 2.031827556
4 7 3 701797 2.031831788
47 75 3 16418988 2.031843177
42 3 3 7797060 2.031846307
44 49 3 27953117 2.031855343
80 50 3 58908 2.031856088
40 89 3 2092481 2.031857681
15 48 3 79252 2.031859774
41 42 3 48813 2.031863191
7 15 3 1909333 2.031870291
48 5 3 164665 2.031873592
13 10 3 178447 2.031880147
39 47 3 12413 2.031883944
49 6 3 529205 2.031889006
52 47 3 3667554 2.031897488
43 40 3 2473649 2.031902170
50 42 3 22419011 2.031905779
39 1 3 23053 2.031906799
11 49 3 21587519 2.031908827
15 2 3 7286 2.031913553
11 14 3 2919284 2.031933722
83 9 3 13319 2.031933925
14 46 3 28740 2.031940728
84 43 3 80264 2.031945428
42 39 3 1725188 2.031949072
14 3 3 9191818 2.031949903
15 14 3 32052 2.031959592
15 2 3 36686 2.031960133
4 0 3 179773 2.031962675
50 48 3 1342105 2.031965855
11 1 3 79607 2.031974452
48 38 3 852 2.031974875
15 1 3 7459 2.031976509
5 2 3 26206 2.031982979
10 13 3 7135 2.031986269
77 89 3 6101399 2.032005240
6 3 3 3977037 2.032007465
42 49 3 52071 2.032014223
89 85 3 60658 2.032027449
87 85 3 548398 2.032036041
41 74 3 42827 2.032036420
8 50 3 58289 2.032047562
83 81 3 20705 2.032053359
44 13 3 25780 2.032072736
11 2 3 77203 2.032080383
38 41 3 1793658 2.032096778
15 14 3 2490382 2.032097249
78 75 3 24759 2.032104256
10 45 3 15651 2.032111382
77 74 3 36013 2.032112259
88 84 3 9298 2.032114715
38 40 3 49678 2.032115176
2 11 3 4661952 2.032116643
38 88 3 17030 2.032119443
46 86 3 2067 2.032119479
44 12 3 1334401 2.032120976
49 51 3 29419287 2.032121134
80 47 3 73588 2.032124589
12 10 3 3693275 2.032140102
44 52 3 143142 2.032140503
44 12 3 23670 2.032141822
51 9 3 204001 2.032154858
43 39 3 4349 2.032167759
40 5 3 46142 2.032178635
48 52 3 5219428 2.032188249
86 75 3 2355 2.032188593
52 40 3 112361 2.032195025
15 2 3 5549765 2.032197703
41 1 3 7501 2.032204770
78 47 3 115957 2.032230653
0 5 3 630927 2.032233983
47 37 3 7282 2.032234165
85 76 3 2814484 2.032245790
48 43 3 271283 2.032246659
3 7 3 6572 2.032258059
82 81 3 576168 2.032259861
14 50 3 77165 2.032262204
10 39 3 48558 2.032266787
40 42 3 40588 2.032267020
0 77 3 890990 2.032268078
78 77 3 2550110 2.032272360
43 87 3 75545 2.032274590
0 15 3 3051 2.032279793
40 42 3 59930 2.032280444
83 3 3 378654 2.032283614
87 79 3 56537 2.032295405
87 82 3 141228 2.032302161
44 74 3 604947 2.032304556
52 51 3 286359 2.032316969
5 49 3 24840 2.032317986
0 37 3 71649 2.032328933
42 87 3 1409891 2.032351799
39 45 3 8075 2.032353510
85 6 3 29218 2.032358735
44 79 3 150105 2.032366262
44 45 3 40817 2.032369990
46 89 3 2425190 2.032378733
75 47 3 77645 2.032389556
9 3 3 39295 2.032394924
51 40 3 8048 2.032414371
76 89 3 22229333 2.032414655
50 52 3 133357 2.032421057
74 9 3 1811764 2.032433428
47 52 3 864329 2.032435682
10 5 3 9740362 2.032440002
40 51 3 1557568 2.032444686
46 6 3 64750 2.032447045
85 81 3 755690 2.032459552
41 40 3 47213 2.032467353
2 80 3 21144 2.032472281
4 7 3 8299 2.032476703
7 15 3 2052 2.032488370
82 37 3 2504 2.032498141
5 2 3 24720 2.032502496
0 44 3 3138 2.032505200
12 39 3 1671 2.032518492
11 8 3 392431 2.032520842
81 87 3 3359082 2.032525439
13 43 3 32150 2.032526560
84 81 3 343575 2.032530106
14 44 3 70459 2.032535309
13 7 3 55965 2.032543078
82 83 3 34805 2.032548223
50 4 3 803487 2.032564854
13 84 3 5933 2.032567322
46 47 3 1867871 2.032573333
9 45 3 67582 2.032582342
40 38 3 29472 2.032588880
45 85 3 27126 2.032620279
41 44 3 5123595 2.032633446
87 79 3 3493303 2.032637929
45 50 3 66368 2.032640015
2 8 3 753403 2.032641498
0 13 3 1349 2.032644448
15 12 3 21573 2.032656563
78 8 3 19592252 2.032657359
3 13 3 8962289 2.032659566
45 85 3 38026 2.032660015
39 38 3 414814 2.032660933
74 41 3 4352632 2.032660978
14 47 3 9549795 2.032662346
11 2 3 5593297 2.032666278
12 44 3 2178480 2.032676078
79 48 3 888209 2.032679551
85 42 3 29590 2.032683670
51 50 3 3703 2.032683694
43 37 3 62456 2.032685555
11 3 3 608977 2.032688167
4 5 3 1549561 2.032690943
0 2 3 17592 2.032711451
84 88 3 27852 2.032719201
80 15 3 2940309 2.032719891
83 81 3 145810 2.032723588
6 12 3 199080 2.032723894
13 12 3 12404344 2.032724733
14 0 3 58295 2.032727468
8 4 3 618413 2.032732457
5 4 3 4299910 2.032734156
40 87 3 27501 2.032734920
2 1 3 102123 2.032736196
11 15 3 6142 2.032740576
46 7 3 1038661 2.032771220
86 83 3 4881956 2.032771713
40 4 3 5528 2.032772348
48 0 3 49604 2.032776943
48 15 3 24389 2.032785848
47 43 3 5564500 2.032787583
51 45 3 601004 2.032802465
77 76 3 186433 2.032802500
52 49 3 66941 2.032809280
7 42 3 2940 2.032812564
75 74 3 4654363 2.032815951
41 10 3 28384 2.032825819
43 3 3 19618 2.032833753
0 44 3 9009 2.032837932
44 49 3 92160 2.032838785
46 38 3 1762425 2.032839872
38 45 3 10496 2.032844379
81 84 3 33101 2.032845470
80 89 3 61831 2.032851745
9 2 3 1060172 2.032855158
0 43 3 3379474 2.032866646
15 9 3 3602 2.032876416
2 38 3 63602 2.032883512
74 75 3 3978875 2.032884380
12 1 3 1271702 2.032905444
41 1 3 789732 2.032906735
87 74 3 50118 2.032907837
10 12 3 3012386 2.032930674
6 42 3 29931 2.032936533
12 14 3 175022 2.032939506
13 7 3 22085 2.032942677
42 48 3 107414 2.032945892
11 3 3 1678581 2.032946236
49 51 3 1174 2.032952272
85 50 3 42960 2.032955111
41 44 3 287459 2.032967506
46 43 3 67781 2.032968826
81 80 3 1282035 2.032981953
74 88 3 24102 2.032986061
50 42 3 1025201 2.032988386
44 2 3 8639438 2.033009255
1 76 3 61078 2.033016416
48 41 3 46992 2.033017123
48 83 3 130579 2.033019058
1 76 3 72331 2.033022878
41 38 3 656935 2.033034098
89 86 3 14653295 2.033038635
9 12 3 50786 2.033041718
38 40 3 7514 2.033044847
10 9 3 149082 2.033045794
44 11 3 59247 2.033052055
4 15 3 4194 2.033053678
4 83 3 1056 2.033061148
81 79 3 4718375 2.033063815
8 46 3 57432 2.033071833
84 1 3 7094 2.033075871
51 43 3 20757001 2.033085816
84 75 3 52710 2.033088333
6 42 3 10108 2.033091011
13 5 3 8944 2.033091120
74 43 3 6531436 2.033093801
50 76 3 3791143 2.033104549
40 15 3 1452974 2.033109513
87 76 3 1646 2.033111802
12 83 3 447081 2.033119460
78 2 3 28024 2.033119881
79 11 3 8964100 2.033123595
6 42 3 19453 2.033125378
1 0 3 47755 2.033127475
2 86 3 6009 2.033128346
38 52 3 8614976 2.033135726
45 84 3 8732 2.033144484
47 50 3 2201 2.033147537
14 38 3 191233 2.033157671
75 79 3 1695 2.033168364
81 87 3 41036 2.033175189
87 76 3 3923 2.033181334
4 85 3 122305 2.033181898
81 0 3 119551 2.033188490
83 46 3 8686 2.033190228
5 13 3 50590 2.033190323
40 48 3 86 2.033190479
80 74 3 5996547 2.033191165
6 12 3 151071 2.033196720
46 78 3 12811 2.033202707
15 43 3 71192 2.033204725
5 11 3 190350 2.033212370
8 45 3 4763720 2.033213502
4 50 3 66241 2.033215819
13 6 3 14950 2.033218677
15 3 3 2905512 2.033220827
48 47 3 1612067 2.033227030
13 7 3 683261 2.033227730
38 42 3 103296 2.033229128
48 47 3 93731 2.033268229
76 78 3 52746 2.033273501
49 77 3 32432 2.033286103
44 37 3 6906 2.033298533
87 81 3 17594 2.033298820
37 86 3 12659638 2.033308151
39 43 3 262287 2.033311126
51 50 3 15478 2.033324647
39 7 3 2931069 2.033327057
3 87 3 1747470 2.033332119
79 41 3 52151 2.033332690
0 5 3 715904 2.033334257
52 0 3 36464 2.033344862
52 42 3 150159 2.033352400
7 8 3 5753 2.033358446
52 46 3 50814 2.033376297
7 82 3 66712 2.033383044
8 79 3 39567 2.033399225
0 40 3 660727 2.033400531
74 79 3 1437571 2.033418810
75 85 3 27428691 2.033426224
2 6 3 168425 2.033431523
83 79 3 1376897 2.033431606
12 14 3 44101 2.033436360
3 0 3 3760 2.033440129
47 83 3 31322 2.033440994
6 84 3 1736596 2.033445778
79 15 3 3584 2.033446437
41 15 3 1306806 2.033449048
85 50 3 16614 2.033451740
6 48 3 20172 2.033452172
86 76 3 1299 2.033468022
82 75 3 5966 2.033471703
78 79 3 8563 2.033478394
50 8 3 8556 2.033489439
6 41 3 469419 2.033497185
12 8 3 3246 2.033500498
47 52 3 24079 2.033528625
9 43 3 32679 2.033531884
2 88 3 3683023 2.033540081
75 1 3 1860913 2.033541150
43 41 3 893882 2.033541383
49 48 3 71966 2.033541654
84 37 3 1969729 2.033547281
82 44 3 945592 2.033563926
1 74 3 6973186 2.033566346
85 15 3 29188 2.033569062
12 45 3 8140313 2.033595727
9 41 3 30972 2.033600267
74 2 3 43281 2.033603242
75 13 3 5086 2.033609779
83 80 3 930259 2.033613930
15 79 3 70534 2.033619158
0 7 3 10071 2.033619453
6 87 3 3031824 2.033627239
78 74 3 36826 2.033640129
6 79 3 129408 2.033643858
11 8 3 166773 2.033649579
78 74 3 913216 2.033650717
45 50 3 135432 2.033656219
1 10 3 4351206 2.033656342
7 40 3 2377 2.033656613
74 39 3 9632 2.033658864
78 83 3 1388804 2.033663384
8 79 3 178176 2.033663397
4 0 3 2808415 2.033666986
8 0 3 60892 2.033671248
7 6 3 29621 2.033672368
83 7 3 23 2.033688935
52 43 3 40236 2.033690121
51 79 3 44950 2.033691629
5 6 3 37687 2.033696191
1 41 3 63100 2.033706752
40 49 3 698352 2.033707195
13 5 3 65158 2.033709609
74 85 3 2033 2.033720739
11 10 3 6603987 2.033721321
43 44 3 6379517 2.033733477
45 47 3 765270 2.033737960
4 1 3 135903 2.033743416
37 40 3 3700829 2.033745755
12 5 3 1453608 2.033757967
0 2 3 2783 2.033758117
48 77 3 33939 2.033761352
83 9 3 206488 2.033771707
49 43 3 18048 2.033780841
8 14 3 710157 2.033783418
40 48 3 143666 2.033784825
6 1 3 42321 2.033784989
9 7 3 12451167 2.033788300
6 4 3 1874887 2.033788451
78 88 3 1470408 2.033793293
1 4 3 484 2.033846637
83 82 3 1097285 2.033851883
83 3 3 33707 2.033857096
5 2 3 1554393 2.033867031
0 13 3 427385 2.033871519
47 2 3 8011594 2.033872987
49 47 3 28922 2.033875770
6 2 3 9452 2.033898293
40 5 3 432714 2.033900443
75 76 3 26864 2.033907516
76 86 3 192643 2.033913595
13 45 3 55429 2.033916856
1 10 3 8345 2.033921320
39 78 3 542165 2.033935146
5 6 3 2225763 2.033940976
9 15 3 69208 2.033942572
85 74 3 1870612 2.033957768
79 15 3 7294344 2.033958110
48 37 3 6915 2.033967587
44 0 3 9127313 2.033971053
10 12 3 70314 2.033975212
14 4 3 95749 2.033994376
80 75 3 1339 2.033996076
86 76 3 7063 2.033996315
42 37 3 1356411 2.034006278
12 1 3 56319 2.034010139
48 47 3 24451015 2.034023245
45 4 3 6897 2.034026790
37 46 3 71801 2.034026879
74 76 3 3625715 2.034028701
3 12 3 3956254 2.034041745
87 83 3 11655 2.034049179
37 4 3 72537 2.034073400
12 7 3 869390 2.034078803
40 39 3 1775916 2.034081606
79 86 3 7749756 2.034084475
88 44 3 782207 2.034091555
74 38 3 1669809 2.034093912
39 51 3 3150748 2.034098333
80 85 3 693678 2.034100688
4 77 3 74507 2.034106319
79 85 3 63534 2.034109765
8 10 3 9848721 2.034111764
14 10 3 32077 2.034116963
88 80 3 20170 2.034133051
74 83 3 1593944 2.034140206
45 81 3 27571 2.034147369
13 48 3 45590 2.034149326
79 37 3 1367148 2.034152547
1 11 3 393803 2.034162956
76 2 3 62193 2.034172594
47 41 3 277089 2.034174737
50 42 3 319 2.034175549
50 52 3 7355 2.034190296
37 52 3 45718 2.034190432
2 41 3 13996 2.034191833
42 41 3 182 2.034192612
48 37 3 46129 2.034193101
0 7 3 1492972 2.034196368
40 13 3 2301775 2.034197674
2 9 3 64426 2.034198853
0 11 3 1987071 2.034199843
1 8 3 25527 2.034206394
89 86 3 60372 2.034217438
6 76 3 19663 2.034224006
5 39 3 48156 2.034237541
89 74 3 19163 2.034241058
51 7 3 49073 2.034243367
4 10 3 26491 2.034249563
1 0 3 1708465 2.034250351
51 85 3 1796789 2.034250553
78 77 3 254313 2.034250656
6 1 3 61899 2.034263861
75 77 3 4318496 2.034268710
13 44 3 57957 2.034270924
77 74 3 26220 2.034280997
78 87 3 59638 2.034306551
49 50 3 689215 2.034314237
47 46 3 5056742 2.034314729
86 38 3 8338 2.034316990
8 2 3 13642 2.034327888
9 5 3 113612 2.034329049
75 88 3 1425517 2.034345545
84 76 3 1768856 2.034346397
15 10 3 265588 2.034346487
37 39 3 2265826 2.034347422
51 2 3 73760 2.034348851
10 4 3 38623 2.034356628
48 40 3 3606 2.034356998
6 38 3 65990 2.034360502
44 79 3 358599 2.034369188
51 76 3 71922 2.034372915
49 48 3 54626 2.034373743
9 80 3 3809 2.034381264
50 8 3 20208 2.034383958
49 81 3 2270668 2.034388326
86 84 3 25020450 2.034394807
13 8 3 1955501 2.034400922
81 88 3 493210 2.034403873
13 48 3 688691 2.034406876
85 84 3 815 2.034407503
47 45 3 4680783 2.034414572
47 49 3 1704997 2.034415280
1 2 3 1271 2.034425957
80 4 3 6401 2.034435818
9 15 3 3700773 2.034453518
76 41 3 4914502 2.034471213
47 6 3 14732 2.034473962
86 87 3 31722 2.034483520
47 80 3 6246 2.034486410
79 88 3 77552 2.034493085
5 47 3 1951891 2.034498048
13 39 3 226914 2.034500773
11 10 3 4047803 2.034503536
78 89 3 3347803 2.034504802
82 42 3 39303 2.034507423
9 86 3 24431 2.034507970
85 84 3 10381 2.034511326
0 10 3 30420 2.034535410
13 52 3 74344 2.034538652
6 87 3 1195655 2.034539120
79 78 3 9116 2.034542474
85 82 3 14592 2.034543103
43 85 3 1354224 2.034545428
52 42 3 350874 2.034545722
80 85 3 77366 2.034552473
75 76 3 643835 2.034552503
45 74 3 263839 2.034555743
42 3 3 4430 2.034560175
77 88 3 84790 2.034573582
48 75 3 168199 2.034582771
7 4 3 4630247 2.034589044
76 86 3 25309 2.034601992
0 37 3 65231 2.034602851
45 38 3 5818409 2.034605840
1 10 3 50574 2.034607229
79 89 3 114569 2.034618158
81 74 3 175798 2.034624898
82 76 3 31906 2.034640874
89 51 3 6314827 2.034649018
42 84 3 101372 2.034653601
82 80 3 125743 2.034662006
15 50 3 1442568 2.034664632
11 74 3 6615877 2.034666866
46 38 3 696 2.034667354
89 39 3 68286 2.034680096
37 12 3 9525097 2.034685484
2 39 3 46641 2.034687523
2 38 3 5807 2.034690876
5 6 3 1525171 2.034694554
42 46 3 4683556 2.034695566
44 39 3 41442 2.034697567
85 80 3 170146 2.034715622
5 9 3 4338 2.034717805
77 81 3 26364 2.034731923
87 5 3 13723 2.034736846
11 77 3 1284761 2.034737303
13 43 3 818962 2.034749670
87 40 3 59887 2.034755425
3 80 3 20669 2.034759828
10 8 3 23582 2.034771681
39 45 3 31946 2.034780926
84 74 3 30527 2.034787809
9 75 3 42630 2.034790754
5 2 3 138943 2.034805509
44 38 3 56331 2.034814199
42 41 3 4687762 2.034821603
84 50 3 68756 2.034822385
6 9 3 862569 2.034823561
50 8 3 158826 2.034832065
9 52 3 72131 2.034837835
6 77 3 135437 2.034848769
15 88 3 6420 2.034862391
86 48 3 674929 2.034863859
4 5 3 642264 2.034865327
13 42 3 467585 2.034872470
75 79 3 2888375 2.034873926
76 78 3 6715209 2.034877159
3 13 3 5578 2.034884604
46 84 3 86234 2.034900792
12 85 3 1418823 2.034903782
5 1 3 66780 2.034912398
49 52 3 1528558 2.034914816
46 88 3 266 2.034933338
1 7 3 5214554 2.034948122
77 74 3 4798 2.034975048
37 76 3 1132573 2.034984333
7 75 3 45571 2.034984627
83 75 3 727493 2.034997137
2 6 3 75460 2.034998692
74 11 3 57957 2.035011874
51 77 3 8095595 2.035015775
46 40 3 74444 2.035052381
77 52 3 40351 2.035056002
7 48 3 9308 2.035061687
1 48 3 49611 2.035071103
45 43 3 90588 2.035077988
2 45 3 68331 2.035078630
78 77 3 4707 2.035086311
88 87 3 3978659 2.035088225
75 83 3 5283 2.035090109
0 5 3 27849514 2.035090803
80 75 3 57080 2.035091682
39 45 3 339757 2.035092089
10 49 3 57491 2.035097433
38 87 3 431290 2.035100035
82 50 3 7075 2.035102628
50 41 3 8461 2.035103243
40 42 3 33287 2.035106898
88 49 3 1513912 2.035107466
87 49 3 44830 2.035107655
15 89 3 917510 2.035113756
88 11 3 57476 2.035116433
9 13 3 1592916 2.035118772
86 49 3 2924673 2.035119627
1 46 3 15183 2.035130747
75 40 3 4088137 2.035133556
75 76 3 79384 2.035148190
88 89 3 24404 2.035162290
6 11 3 40334 2.035162745
46 39 3 19328605 2.035171362
45 75 3 754661 2.035172398
12 10 3 23971 2.035174340
2 51 3 1129466 2.035176182
75 87 3 157203 2.035180670
8 2 3 1020567 2.035197994
51 48 3 4022 2.035211100
38 86 3 70694 2.035222195
86 88 3 63779 2.035227851
13 12 3 805654 2.035238620
37 84 3 1465005 2.035246894
0 11 3 274548 2.035259411
39 52 3 5860141 2.035269812
75 89 3 105338 2.035270249
87 78 3 22813 2.035288185
48 88 3 105934 2.035292257
49 74 3 2056747 2.035293215
89 84 3 553600 2.035301083
2 5 3 761 2.035306813
77 79 3 74988 2.035309853
40 88 3 6691958 2.035317384
15 52 3 71906 2.035324198
40 38 3 172407 2.035326857
3 15 3 23934 2.035327847
9 83 3 70855 2.035330528
43 48 3 161990 2.035345772
44 79 3 32247 2.035352571
47 75 3 65248 2.035352729
37 0 3 4048948 2.035353680
51 37 3 1459322 2.035357826
2 15 3 41490 2.035365185
81 37 3 23288 2.035373416
83 76 3 77804 2.035380319
76 82 3 63255 2.035388332
89 80 3 46738 2.035402430
41 15 3 3770278 2.035420983
74 82 3 4648525 2.035424013
88 81 3 7051583 2.035443837
82 84 3 3485 2.035462334
5 6 3 1030097 2.035482421
43 37 3 7362 2.035483475
12 48 3 9115218 2.035487003
48 15 3 10180 2.035495981
4 1 3 852 2.035496284
8 13 3 73445 2.035500809
43 44 3 3762 2.035509744
13 14 3 52972 2.035509844
37 8 3 950071 2.035510892
45 5 3 826849 2.035515031
5 8 3 4905643 2.035516290
79 12 3 250340 2.035523068
9 4 3 6626 2.035524971
1 13 3 21797 2.035525545
75 6 3 6649125 2.035526790
0 42 3 11346 2.035528062
84 74 3 1426347 2.035532251
52 49 3 2185943 2.035534142
12 8 3 3026995 2.035534490
5 4 3 666041 2.035544525
48 52 3 1220662 2.035551900
44 0 3 2059 2.035556221
87 1 3 60805 2.035556421
42 46 3 49964 2.035569707
15 2 3 304588 2.035575162
87 89 3 1202916 2.035582257
52 75 3 4896674 2.035593203
52 89 3 54782 2.035599708
15 80 3 2036 2.035606387
2 51 3 1574774 2.035608276
51 41 3 3441953 2.035611072
48 45 3 40258 2.035614523
7 0 3 4102 2.035617478
84 75 3 194033 2.035625936
86 75 3 539 2.035630311
47 52 3 68875 2.035649017
11 4 3 9668673 2.035655963
78 75 3 39522 2.035670703
85 81 3 14427 2.035686236
14 3 3 69256 2.035692130
5 75 3 535 2.035695931
46 48 3 32035 2.035698808
6 5 3 17666 2.035699907
5 4 3 68692 2.035706777
11 14 3 22142 2.035710325
10 37 3 4402370 2.035712810
13 4 3 77520 2.035717024
37 44 3 131044 2.035717980
80 85 3 6782 2.035729280
89 85 3 23805 2.035742400
3 9 3 1897208 2.035751207
4 76 3 7583 2.035765319
77 12 3 23625 2.035767858
42 38 3 7714 2.035772716
9 80 3 8022 2.035776513
84 82 3 9215254 2.035777079
42 40 3 137399 2.035780979
14 10 3 5751 2.035782836
12 15 3 21869 2.035789241
87 49 3 11875102 2.035791293
89 80 3 5487 2.035791756
80 83 3 33976 2.035800279
7 3 3 17617 2.035802434
52 42 3 312850 2.035804381
83 44 3 5702955 2.035810566
75 49 3 6864783 2.035811361
12 39 3 43369 2.035811506
3 81 3 893040 2.035820269
13 85 3 58627 2.035823810
14 50 3 2604 2.035831328
7 6 3 5212398 2.035841294
2 79 3 1741514 2.035843095
45 52 3 28261 2.035855279
84 77 3 22063 2.035868432
85 0 3 445813 2.035871824
38 86 3 56018 2.035872699
7 10 3 650872 2.035884365
80 47 3 23432 2.035885137
81 88 3 646 2.035891800
0 14 3 7873885 2.035901941
1 41 3 27745 2.035902592
52 40 3 446603 2.035917268
8 12 3 47294 2.035919251
11 9 3 1407593 2.035929068
45 12 3 51418 2.035932906
75 85 3 1641782 2.035937100
49 76 3 4595648 2.035939616
9 3 3 19758361 2.035948363
83 74 3 41891 2.035949289
46 41 3 6498 2.035954398
46 76 3 3927795 2.035958284
46 39 3 221293 2.035959021
12 4 3 543 2.035961679
85 83 3 8235 2.035973105
50 47 3 991102 2.035984503
85 75 3 1906032 2.035987613
85 77 3 20327 2.035988986
9 75 3 3418 2.035992913
0 83 3 766351 2.036004979
7 15 3 1615 2.036006034
10 11 3 34864 2.036008047
2 8 3 59052 2.036015667
52 87 3 67535 2.036020005
0 12 3 49267 2.036022164
2 38 3 9259 2.036030572
10 49 3 19529918 2.036033020
7 88 3 76449 2.036050308
38 48 3 55854 2.036063811
75 79 3 39522 2.036065734
82 86 3 28182 2.036067331
44 41 3 22661 2.036068932
76 79 3 8324795 2.036071538
7 6 3 789068 2.036075434
79 86 3 13498 2.036097886
40 0 3 922 2.036100587
46 49 3 49431 2.036102059
37 40 3 4902997 2.036103757
6 40 3 66599 2.036104147
10 84 3 61175 2.036105974
76 46 3 2487411 2.036107189
43 50 3 6145285 2.036116827
12 86 3 229982 2.036122184
15 5 3 19907 2.036128145
87 42 3 24682719 2.036131347
79 86 3 58660 2.036145222
89 76 3 25673 2.036160974
47 15 3 11239252 2.036168321
79 84 3 64388 2.036180443
80 84 3 22217 2.036183338
40 42 3 57601 2.036185860
84 15 3 49632 2.036190371
87 76 3 7725368 2.036199953
15 5 3 111660 2.036202076
47 40 3 189201 2.036202841
81 84 3 6809 2.036203562
83 78 3 27936 2.036203767
9 2 3 7507689 2.036206036
50 44 3 228493 2.036211369
39 83 3 346644 2.036234298
76 85 3 29858088 2.036237994
50 8 3 1628918 2.036239436
88 6 3 495914 2.036239612
77 49 3 18797 2.036246040
6 15 3 1789573 2.036246190
43 41 3 41478 2.036261333
77 82 3 1489413 2.036263811
39 79 3 561862 2.036272686
86 77 3 468001 2.036279807
41 8 3 8557 2.036286798
9 81 3 36874 2.036294980
37 81 3 22679 2.036303160
49 42 3 41279 2.036303983
7 0 3 2985132 2.036308065
46 45 3 5185336 2.036339291
39 76 3 783413 2.036344360
51 49 3 3284423 2.036356190
82 79 3 3533538 2.036390521
9 3 3 68821 2.036391262
74 75 3 76507 2.036394562
44 47 3 21092 2.036395614
80 83 3 2611613 2.036436468
48 78 3 9587736 2.036437271
75 89 3 8632 2.036442783
46 10 3 74037 2.036446134
51 49 3 123962 2.036456618
39 43 3 7854 2.036460804
44 49 3 1708 2.036463336
40 50 3 3503816 2.036466745
86 80 3 14814 2.036468682
4 81 3 1047290 2.036468735
49 4 3 3457 2.036469605
77 83 3 79733 2.036485411
76 83 3 68630 2.036492953
10 0 3 382831 2.036500794
10 75 3 24223121 2.036510137
10 47 3 3009 2.036519388
52 10 3 9295 2.036523468
5 81 3 35289 2.036534289
15 9 3 58548 2.036553898
2 10 3 54019 2.036558517
46 49 3 19897 2.036562723
41 75 3 18900 2.036568647
79 85 3 12474 2.036580272
50 86 3 1193260 2.036602298
4 15 3 775076 2.036615218
75 80 3 16124 2.036622721
84 85 3 23119715 2.036623737
4 8 3 1664075 2.036624778
43 45 3 89401 2.036628198
15 2 3 130549 2.036631645
84 78 3 73103 2.036647050
42 38 3 7998 2.036649894
42 45 3 15950 2.036655773
45 89 3 303036 2.036658761
3 50 3 30006 2.036672893
84 75 3 36674 2.036674713
15 45 3 27017 2.036677036
38 40 3 34499 2.036679390
84 77 3 2376046 2.036679558
43 49 3 42478 2.036693104
77 45 3 17605 2.036693156
77 37 3 112071 2.036693422
48 38 3 59280 2.036694971
9 6 3 1517895 2.036695410
46 49 3 855149 2.036705728
82 7 3 6190 2.036707742
6 2 3 4121135 2.036720543
88 76 3 905127 2.036723467
82 48 3 7857 2.036730683
5 1 3 4442984 2.036735692
10 12 3 29614 2.036745458
12 0 3 14563741 2.036759574
49 45 3 5821 2.036762682
87 81 3 2825 2.036764775
49 44 3 845 2.036774723
76 79 3 25219292 2.036776525
82 6 3 1294403 2.036785803
15 42 3 889688 2.036791323
43 15 3 19029348 2.036792752
38 75 3 8872387 2.036795318
39 89 3 3519 2.036800783
14 0 3 48971 2.036809829
41 76 3 28972 2.036821621
89 39 3 52246 2.036824820
76 88 3 4036379 2.036827864
77 79 3 72635 2.036830869
89 75 3 5953 2.036847399
39 48 3 19081 2.036859018
4 15 3 64089 2.036861594
76 77 3 1063744 2.036863223
5 77 3 1841103 2.036863295
52 38 3 1192222 2.036864924
51 41 3 16014 2.036889039
37 11 3 1390134 2.036890322
46 9 3 284634 2.036893621
42 44 3 6866 2.036893849
9 14 3 24650 2.036894104
89 81 3 57609 2.036901803
0 3 3 807 2.036901905
89 76 3 67239 2.036909374
81 84 3 36982 2.036910787
4 8 3 23812 2.036914568
43 39 3 488611 2.036922368
6 39 3 58423 2.036927962
39 1 3 64998 2.036932011
15 8 3 63020 2.036945463
47 14 3 6325 2.036952105
14 77 3 6923 2.036958468
40 78 3 456 2.036959011
38 43 3 1201793 2.036961163
1 15 3 162358 2.036961459
48 37 3 6385193 2.036963911
15 11 3 29394 2.036973149
1 0 3 4410463 2.036974706
80 44 3 6080625 2.036975989
9 4 3 1740848 2.036987925
77 81 3 2126 2.036989853
12 9 3 26038 2.036990301
42 4 3 2895656 2.036990597
46 83 3 7732353 2.036992994
76 79 3 37678 2.037008799
49 15 3 1323622 2.037010851
41 40 3 20712 2.037016341
40 45 3 511838 2.037017961
49 50 3 6390853 2.037020528
12 13 3 5516718 2.037023619
11 78 3 2758 2.037027886
74 78 3 67727 2.037038658
12 8 3 3891335 2.037040979
84 2 3 64385 2.037044017
37 47 3 457734 2.037052783
87 85 3 6798031 2.037054851
51 80 3 1467605 2.037055169
43 47 3 46457 2.037071400
1 4 3 718751 2.037075827
3 4 3 14115 2.037084607
13 41 3 679971 2.037092636
83 79 3 9766028 2.037097649
78 87 3 26284 2.037098005
3 15 3 73886 2.037098938
87 48 3 320836 2.037108313
43 40 3 105163 2.037114428
11 8 3 9214 2.037123468
80 79 3 2559400 2.037125051
4 6 3 29924 2.037127227
13 5 3 2456617 2.037137432
2 9 3 191396 2.037145686
44 84 3 1258892 2.037151924
85 80 3 7423 2.037155256
6 49 3 503775 2.037160127
15 82 3 34239 2.037164628
85 75 3 28400 2.037170173
9 37 3 265088 2.037170588
9 4 3 4257189 2.037174758
44 43 3 65292 2.037180329
88 85 3 28617 2.037181924
37 45 3 56474 2.037188415
41 49 3 2241892 2.037197877
84 12 3 7268 2.037198577
0 50 3 24347 2.037204372
76 87 3 1340062 2.037217459
39 44 3 20654 2.037220325
45 37 3 1988 2.037222250
2 37 3 858785 2.037228860
7 81 3 44836 2.037234542
51 52 3 5153 2.037236257
87 9 3 26457 2.037236449
10 37 3 192987 2.037237200
44 4 3 879 2.037241576
8 4 3 2312 2.037244145
52 51 3 31963 2.037255343
15 87 3 57879 2.037266614
39 81 3 1339098 2.037270865
37 45 3 4743 2.037271897
52 43 3 622493 2.037276220
49 7 3 460532 2.037276957
39 43 3 9009 2.037284497
75 78 3 8907 2.037284551
82 4 3 15331 2.037290041
83 82 3 25296047 2.037297919
83 77 3 48054 2.037298587
38 9 3 24567 2.037305328
77 84 3 47058 2.037305554
41 52 3 70846 2.037316846
89 76 3 637489 2.037323556
11 4 3 4866054 2.037327244
9 2 3 71527 2.037339121
0 78 3 34465 2.037344340
74 75 3 3662 2.037364741
76 84 3 155367 2.037377908
40 87 3 762513 2.037381734
49 11 3 59558 2.037384443
75 89 3 8213 2.037401395
3 9 3 2729522 2.037404359
43 51 3 1669788 2.037406823
44 11 3 168778 2.037410138
45 37 3 745904 2.037416229
13 15 3 6629376 2.037424104
10 2 3 7276800 2.037440214
41 11 3 158667 2.037440672
7 43 3 22016 2.037442418
83 49 3 105955 2.037444138
75 84 3 2082382 2.037452941
7 10 3 1542804 2.037454586
80 51 3 5834503 2.037457025
11 41 3 74056 2.037462597
2 11 3 4977 2.037470965
10 38 3 3711484 2.037487762
89 41 3 756961 2.037500832
74 11 3 21145 2.037513021
0 43 3 156909 2.037526397
3 10 3 1558061 2.037538431
51 48 3 606140 2.037543646
14 80 3 63396 2.037551725
87 79 3 3363995 2.037557564
13 52 3 49697 2.037563101
15 76 3 1733697 2.037563909
74 81 3 2699837 2.037570667
3 41 3 7667 2.037589143
38 83 3 2794624 2.037605865
78 7 3 3667322 2.037606315
0 5 3 33256 2.037617579
7 48 3 191472 2.037620095
5 41 3 913969 2.037626617
51 87 3 542694 2.037627938
51 75 3 26991 2.037634180
1 10 3 5506 2.037645909
11 42 3 63832 2.037647650
1 12 3 50226 2.037654180
76 83 3 72462 2.037655633
39 38 3 79529 2.037659680
42 44 3 2990697 2.037660200
40 47 3 4593515 2.037667372
74 83 3 9924 2.037671885
37 44 3 42399 2.037682604
3 4 3 2422895 2.037684924
14 1 3 24818 2.037687262
2 6 3 73974 2.037688707
76 88 3 72500 2.037693502
10 40 3 9592 2.037694357
5 14 3 13470022 2.037702497
14 80 3 12609639 2.037708835
12 4 3 73919 2.037722303
3 44 3 7974 2.037737437
76 82 3 9225061 2.037757235
9 81 3 952805 2.037758921
1 89 3 69276 2.037759616
86 78 3 4211758 2.037759771
48 83 3 3891174 2.037769187
78 89 3 28163 2.037769233
78 7 3 42673 2.037769539
81 48 3 51531 2.037772447
46 41 3 2632544 2.037773845
88 40 3 32919 2.037778346
46 50 3 30482 2.037781166
85 48 3 2507411 2.037783858
3 2 3 164625 2.037784939
45 51 3 4406491 2.037792042
48 49 3 43647 2.037794053
1 6 3 1426645 2.037795213
47 83 3 79391 2.037795623
4 51 3 417080 2.037798143
76 89 3 78918 2.037807552
77 84 3 3480580 2.037824038
78 85 3 49085 2.037828741
14 78 3 8896772 2.037839606
83 37 3 68146 2.037840559
52 47 3 21020 2.037844929
50 49 3 1425696 2.037851287
14 4 3 4489041 2.037853536
7 2 3 28607 2.037865554
4 11 3 266172 2.037872621
15 7 3 75268 2.037875374
6 8 3 66372 2.037883177
39 47 3 25869 2.037910192
15 3 3 7533 2.037912592
39 44 3 116949 2.037918632
85 79 3 3334208 2.037921314
76 82 3 60902 2.037930046
82 78 3 7361 2.037930466
49 46 3 173623 2.037939167
38 9 3 103275 2.037945927
80 82 3 427699 2.037946724
76 47 3 23057 2.037956388
6 45 3 1695589 2.037962404
84 77 3 46728 2.037975960
12 8 3 19374 2.037977071
11 49 3 1017863 2.037977639
0 6 3 641225 2.037980260
43 39 3 775814 2.038001080
5 1 3 23057 2.038001480
52 42 3 16532578 2.038002460
77 89 3 659927 2.038012635
79 88 3 1960981 2.038014583
80 77 3 445729 2.038015434
6 9 3 12001557 2.038016597
81 87 3 25910633 2.038025439
1 7 3 29123 2.038026587
42 40 3 69167 2.038054001
80 81 3 266661 2.038055066
13 88 3 22499431 2.038058720
10 49 3 9620041 2.038062440
75 83 3 14581 2.038066674
81 84 3 1079279 2.038066967
39 41 3 35915 2.038077246
51 7 3 59310 2.038080690
37 47 3 6228 2.038080975
78 5 3 26696 2.038081637
89 80 3 4398336 2.038091605
11 83 3 29925 2.038108390
8 15 3 74657 2.038111161
5 78 3 434507 2.038113014
37 39 3 4795 2.038120692
3 4 3 31673 2.038124441
76 87 3 2881640 2.038131057
7 6 3 9951 2.038135548
40 4 3 45632 2.038136471
83 84 3 17842 2.038163899
7 2 3 10497 2.038166008
74 77 3 3862806 2.038167360
46 14 3 1978388 2.038169548
83 9 3 1342644 2.038172227
80 82 3 7584974 2.038191639
44 50 3 3022104 2.038194528
15 51 3 1083320 2.038200972
52 7 3 21532 2.038203342
44 49 3 23807179 2.038205733
11 75 3 726154 2.038206926
8 0 3 25162 2.038224421
49 38 3 12861 2.038229478
45 46 3 1610227 2.038234991
52 40 3 2146432 2.038237494
1 52 3 158516 2.038243147
10 44 3 184692 2.038256480
15 0 3 1965806 2.038260702
80 9 3 7525335 2.038283689
38 48 3 64745 2.038315307
15 11 3 6388 2.038316113
47 50 3 12933 2.038318569
86 81 3 36340 2.038324950
87 84 3 55088 2.038325044
9 89 3 101567 2.038331722
75 89 3 6394462 2.038332290
11 0 3 107701 2.038336146
42 45 3 143332 2.038344671
81 80 3 3955804 2.038349347
12 8 3 1993220 2.038361774
88 2 3 3694522 2.038366449
46 47 3 4404621 2.038371899
43 40 3 10288075 2.038373232
81 75 3 42952 2.038386596
6 3 3 7511223 2.038393417
76 85 3 135273 2.038401176
50 9 3 130472 2.038410965
40 52 3 195759 2.038413343
44 52 3 5277076 2.038415740
4 81 3 29771 2.038420170
76 40 3 2488 2.038430160
47 76 3 7925 2.038433793
43 0 3 776664 2.038440326
43 45 3 60375 2.038443204
88 74 3 5136523 2.038447250
51 46 3 6549 2.038454992
49 76 3 28692 2.038461222
84 85 3 129625 2.038470804
49 51 3 40425 2.038475100
78 86 3 1787359 2.038476940
11 1 3 53372 2.038490632
37 15 3 1675821 2.038492837
40 13 3 80533 2.038513415
11 37 3 11568 2.038515173
15 14 3 26240 2.038515500
88 75 3 564130 2.038515765
3 14 3 17539091 2.038518520
40 5 3 1084489 2.038519300
13 15 3 1381199 2.038541679
50 7 3 13309 2.038546018
14 48 3 65348 2.038559688
87 0 3 1053820 2.038560412
10 7 3 1927593 2.038569547
47 4 3 24583 2.038576980
45 49 3 9251 2.038579574
8 37 3 1673890 2.038586528
74 83 3 940 2.038587211
44 46 3 375538 2.038604908
79 87 3 205129 2.038634133
37 1 3 235766 2.038634829
6 38 3 23849 2.038636297
3 13 3 23689 2.038637734
52 38 3 5982255 2.038653650
40 48 3 1549868 2.038657320
49 80 3 11257 2.038673467
50 37 3 32149 2.038676893
83 79 3 48909 2.038688004
15 2 3 67541 2.038693463
81 79 3 67393 2.038694572
7 47 3 1724079 2.038698607
4 8 3 554979 2.038699293
14 12 3 119779 2.038706699
9 12 3 470 2.038706817
6 14 3 2715 2.038710622
50 89 3 1058414 2.038712236
88 13 3 4230305 2.038718907
9 84 3 202494 2.038720941
0 83 3 21946 2.038727487
86 79 3 1016448 2.038730821
75 82 3 37469 2.038736808
0 7 3 445572 2.038743412
78 88 3 1329666 2.038744649
12 6 3 346004 2.038748420
0 77 3 1869310 2.038760556
40 78 3 23339 2.038766719
80 82 3 9305823 2.038769128
49 9 3 9091399 2.038773809
3 89 3 134411 2.038776219
76 75 3 15428 2.038788712
37 40 3 26346 2.038818199
75 50 3 32387 2.038821803
40 88 3 46785 2.038826790
86 39 3 72117 2.038837321
6 14 3 17222638 2.038838777
74 2 3 21817 2.038844217
39 40 3 1216242 2.038848767
80 15 3 2687682 2.038850561
11 5 3 64990 2.038854714
45 43 3 8688176 2.038857652
9 10 3 28538 2.038888058
40 7 3 70749 2.038891811
82 74 3 4444926 2.038897114
74 12 3 58940 2.038905880
52 47 3 29014752 2.038907867
14 0 3 491795 2.038912932
12 9 3 33837 2.038915328
40 9 3 21513 2.038931316
81 7 3 73729 2.038931339
43 88 3 25992 2.038931576
86 88 3 26042 2.038937887
9 8 3 3854488 2.038940580
8 38 3 28629 2.038952755
39 42 3 30696 2.038976995
5 43 3 68109 2.038979328
79 82 3 33376 2.038979405
4 89 3 68658 2.038982383
1 44 3 7123 2.038983411
48 47 3 16850 2.038988578
0 44 3 64726 2.038988748
84 89 3 1337062 2.038992656
46 39 3 6189 2.039000947
1 75 3 8558848 2.039002031
9 48 3 11148 2.039002925
51 42 3 8044 2.039015837
38 49 3 67177 2.039019764
15 44 3 3680 2.039023034
83 42 3 45040 2.039023779
11 51 3 773499 2.039032318
14 8 3 4955953 2.039034244
49 44 3 146887 2.039035410
52 48 3 1238289 2.039039471
43 52 3 389029 2.039041494
48 81 3 24260 2.039043094
2 50 3 9948456 2.039048951
42 8 3 2780911 2.039049205
0 2 3 125833 2.039062164
40 41 3 11448 2.039065220
0 87 3 14210 2.039065245
49 46 3 75914 2.039066818
76 86 3 72636 2.039066825
44 51 3 872745 2.039074909
12 45 3 28663 2.039096234
37 8 3 3544042 2.039112315
1 7 3 28282 2.039140059
74 75 3 2641015 2.039140147
41 44 3 1997615 2.039146682
45 7 3 4925404 2.039150212
9 77 3 4090993 2.039157029
8 11 3 24856 2.039164890
75 83 3 62543 2.039173061
42 50 3 181599 2.039182967
86 44 3 1671363 2.039183969
75 81 3 1320812 2.039188376
51 39 3 29746 2.039190129
44 51 3 25271 2.039191755
74 76 3 75963 2.039193102
6 4 3 702472 2.039198082
80 85 3 4399470 2.039203174
52 47 3 40368 2.039205846
42 4 3 49691 2.039209360
4 15 3 26948108 2.039214836
87 75 3 37808 2.039218180
5 8 3 78613 2.039223699
8 15 3 3273378 2.039235341
14 2 3 2083175 2.039241129
89 76 3 36444 2.039243415
83 78 3 76113 2.039247898
49 51 3 402604 2.039249838
50 52 3 87683 2.039258695
45 39 3 50122 2.039266056
83 88 3 7767 2.039266324
2 37 3 7652827 2.039266842
9 2 3 6275 2.039281101
44 43 3 6806 2.039283277
2 0 3 49560 2.039287844
8 2 3 2871916 2.039289618
81 4 3 1305691 2.039291895
80 88 3 72795 2.039293813
50 2 3 59195 2.039299004
39 4 3 1100135 2.039314380
2 52 3 18527066 2.039325541
78 3 3 62048 2.039326237
86 82 3 1761818 2.039328764
51 78 3 7896 2.039334536
77 81 3 39463 2.039342924
39 12 3 27981 2.039346562
81 89 3 4684290 2.039361037
11 2 3 1639607 2.039375690
14 0 3 13795 2.039380231
0 7 3 176840 2.039381250
6 9 3 5622055 2.039388741
46 50 3 3618 2.039393653
14 0 3 28915 2.039394438
41 49 3 123161 2.039407378
37 15 3 995194 2.039409992
6 11 3 26797 2.039425231
10 3 3 53032 2.039427397
1 0 3 1972 2.039429220
76 40 3 27725 2.039445598
76 80 3 169877 2.039446290
41 38 3 1403 2.039448323
8 41 3 18653 2.039454123
84 78 3 3395540 2.039457457
15 7 3 11136826 2.039461161
13 6 3 8042905 2.039462292
38 13 3 5790801 2.039463860
85 2 3 2995625 2.039476458
3 5 3 34157 2.039480913
6 5 3 27430 2.039482185
86 75 3 791452 2.039489787
52 14 3 118 2.039491297
8 12 3 23094 2.039491435
5 85 3 25220 2.039493823
2 15 3 60240 2.039507238
45 48 3 20434 2.039507335
79 44 3 4793115 2.039508713
38 5 3 765049 2.039509124
41 5 3 3362630 2.039518996
84 13 3 9165636 2.039521365
89 45 3 22025 2.039523398
46 37 3 60028 2.039523808
38 74 3 4376981 2.039527860
86 4 3 24797 2.039531025
46 6 3 26123 2.039533820
48 79 3 47810 2.039542111
42 2 3 56377 2.039543160
37 6 3 158231 2.039545619
77 81 3 29183 2.039554534
41 2 3 27963 2.039555200
40 52 3 5610759 2.039561564
13 82 3 429362 2.039564530
38 15 3 28125228 2.039589764
39 89 3 6667 2.039592018
44 49 3 30929 2.039592035
41 3 3 423449 2.039599713
13 87 3 655367 2.039601869
45 49 3 8169378 2.039604837
5 11 3 22386 2.039620798
45 43 3 1750353 2.039622063
41 9 3 3099 2.039627757
89 74 3 14905 2.039636192
12 0 3 13914 2.039640790
88 85 3 32861 2.039643636
3 6 3 27687 2.039646562
1 88 3 101740 2.039649361
48 41 3 24232 2.039654313
37 4 3 72909 2.039660431
47 78 3 2229676 2.039661670
42 1 3 26098 2.039672715
46 88 3 22607094 2.039677295
74 88 3 71955 2.039679472
9 12 3 285559 2.039683661
82 83 3 24082 2.039687169
84 76 3 4982 2.039690085
86 82 3 46621 2.039691622
80 88 3 837474 2.039694233
37 85 3 259481 2.039702981
10 9 3 2413202 2.039714619
82 86 3 7518258 2.039717403
43 52 3 2107 2.039724777
0 1 3 9415 2.039740879
80 76 3 43110 2.039750244
13 74 3 21191 2.039753634
2 13 3 1288692 2.039765569
78 83 3 84161 2.039767500
82 89 3 2043452 2.039768568
7 45 3 961545 2.039769742
8 12 3 4680362 2.039772561
85 82 3 1014567 2.039773538
78 50 3 7306209 2.039774702
86 50 3 24484 2.039780785
76 84 3 5214 2.039782232
78 77 3 57657 2.039785089
87 5 3 10609 2.039799044
37 9 3 4480 2.039810405
10 75 3 2170656 2.039811687
37 9 3 3046197 2.039815714
45 44 3 740281 2.039824119
48 37 3 7757054 2.039827864
44 39 3 28743 2.039845725
10 50 3 3374743 2.039853320
75 88 3 45106 2.039855322
11 9 3 1490181 2.039856265
8 1 3 1876281 2.039863916
77 79 3 24065 2.039874657
43 40 3 1546182 2.039885668
75 74 3 1533691 2.039886585
14 74 3 17748486 2.039886872
44 77 3 2695 2.039887855
89 76 3 1539603 2.039891381
46 5 3 66112 2.039893353
78 76 3 275872 2.039915826
5 47 3 6224 2.039916233
43 40 3 1687074 2.039931252
45 84 3 1307332 2.039939773
41 42 3 46910 2.039943835
2 89 3 117633 2.039946689
45 1 3 21841 2.039946761
10 47 3 1698295 2.039947948
3 2 3 78845 2.039955993
0 12 3 20366402 2.039958801
86 50 3 20922167 2.039985004
85 81 3 23134 2.039985772
52 47 3 1445519 2.039993799
52 39 3 75083 2.039999871
43 46 3 10988 2.040008126
4 8 3 6035 2.040019014
78 82 3 26924 2.040023762
11 44 3 3555 2.040031601
5 43 3 8208412 2.040041340
46 39 3 108327 2.040041590
45 84 3 362968 2.040044790
84 88 3 4944903 2.040050557
42 5 3 145234 2.040051640
9 1 3 66436 2.040056569
84 40 3 16069 2.040058110
40 41 3 46734 2.040062055
5 13 3 21726 2.040064001
88 75 3 9835 2.040067612
45 48 3 140056 2.040078036
75 76 3 70086 2.040084234
51 11 3 1033734 2.040088416
14 0 3 47718 2.040091157
47 0 3 4712575 2.040095762
83 75 3 48162 2.040097762
86 76 3 4980574 2.040137852
82 88 3 11277 2.040138444
51 83 3 1680333 2.040143575
80 88 3 76678 2.040145583
41 77 3 10638091 2.040151889
15 47 3 21387 2.040153328
81 80 3 4212121 2.040164863
87 77 3 4211095 2.040170541
52 2 3 38961 2.040171432
81 83 3 4066015 2.040173062
87 78 3 1510584 2.040183378
40 89 3 25569 2.040192484
45 38 3 3342059 2.040195122
15 48 3 1455265 2.040200235
46 83 3 146814 2.040202769
43 46 3 13452508 2.040209321
79 89 3 26227 2.040210303
38 39 3 18434 2.040214821
75 77 3 75042 2.040215285
86 79 3 36232 2.040217529
87 82 3 3777277 2.040233003
6 15 3 13412 2.040242762
88 89 3 940146 2.040264477
10 11 3 413318 2.040270568
81 40 3 15864551 2.040273068
41 86 3 65467 2.040280649
86 81 3 40035 2.040284089
88 83 3 156958 2.040288399
9 48 3 1639851 2.040305252
44 38 3 8418601 2.040319079
46 80 3 7360 2.040323917
13 8 3 3467482 2.040331561
84 43 3 64163 2.040334145
9 4 3 14776 2.040342010
7 8 3 28525 2.040344806
74 88 3 22974 2.040353907
14 42 3 4146468 2.040355228
9 14 3 6520 2.040357501
85 86 3 4947112 2.040359062
11 5 3 1775614 2.040359289
50 83 3 10824265 2.040363573
47 52 3 1796913 2.040371693
79 84 3 484779 2.040371955
78 84 3 9593 2.040372515
77 38 3 16409 2.040384061
38 47 3 1498914 2.040388013
7 9 3 79662 2.040391376
7 5 3 940016 2.040391594
7 38 3 5761021 2.040399141
83 87 3 4316778 2.040411317
4 0 3 12274152 2.040423685
51 45 3 5360957 2.040427314
43 49 3 53124 2.040434675
6 84 3 57068 2.040447664
74 42 3 6968538 2.040449846
3 4 3 1598874 2.040454041
14 5 3 488325 2.040467392
40 80 3 974139 2.040474249
87 89 3 3759 2.040478614
45 41 3 7107137 2.040480971
46 12 3 74776 2.040484305
76 74 3 187528 2.040492683
43 44 3 28717 2.040492955
6 7 3 2537162 2.040493732
52 38 3 1957294 2.040494569
43 11 3 298 2.040499453
46 44 3 404125 2.040501649
50 37 3 9400370 2.040501931
42 51 3 149685 2.040502748
10 11 3 8098935 2.040506804
39 89 3 541368 2.040509693
0 8 3 59382 2.040509878
7 38 3 27268 2.040516979
13 1 3 954650 2.040520815
1 2 3 1708 2.040533357
3 37 3 23632 2.040533506
84 5 3 26710 2.040545925
12 89 3 67975 2.040546033
7 76 3 67444 2.040547975
14 78 3 1863807 2.040548144
12 1 3 2529462 2.040560939
88 89 3 5729547 2.040567126
42 7 3 1747670 2.040569127
2 12 3 3911737 2.040569744
44 39 3 5965184 2.040571355
84 80 3 24267 2.040574934
0 7 3 1581455 2.040576111
52 37 3 65122 2.040586218
40 42 3 3130555 2.040595193
39 85 3 35011 2.040617300
78 89 3 3138736 2.040620697
79 13 3 72938 2.040627851
86 77 3 44796 2.040648441
44 47 3 32252 2.040659255
87 38 3 72264 2.040664225
41 39 3 32320 2.040678546
83 79 3 25942 2.040689787
46 40 3 120190 2.040703445
5 50 3 36357 2.040705745
76 87 3 3655 2.040707932
51 76 3 3051 2.040719695
88 76 3 6370 2.040722527
37 89 3 31861 2.040740179
3 44 3 1271 2.040740562
52 46 3 18500 2.040740832
14 9 3 1577739 2.040742962
82 78 3 79585 2.040743980
45 83 3 5321151 2.040746169
1 4 3 931916 2.040747329
46 0 3 552674 2.040753203
8 15 3 1907852 2.040761732
40 48 3 1489226 2.040763038
13 51 3 180812 2.040767476
11 84 3 801954 2.040769244
9 85 3 365973 2.040784619
48 44 3 1546675 2.040790686
47 51 3 63740 2.040791439
42 15 3 1221083 2.040801316
6 1 3 1887003 2.040805727
47 38 3 4110 2.040806140
78 77 3 29224 2.040806295
47 75 3 1307148 2.040809967
88 83 3 150497 2.040813004
40 38 3 1300526 2.040816841
46 49 3 3801170 2.040817103
74 81 3 61596 2.040844704
43 44 3 33650 2.040846613
86 83 3 33048 2.040848073
81 1 3 56361 2.040848310
49 42 3 870242 2.040851592
48 42 3 30333 2.040866133
3 40 3 62100 2.040869477
37 44 3 2708471 2.040869826
49 87 3 200 2.040920328
78 0 3 40211 2.040922433
86 47 3 723396 2.040925979
40 50 3 268116 2.040926790
37 41 3 26638730 2.040931012
45 89 3 29218 2.040935853
0 43 3 15933 2.040937970
45 10 3 24958 2.040940617
83 39 3 6372 2.040945833
80 75 3 1118 2.040960462
48 47 3 1983385 2.040965492
51 86 3 22484 2.040985996
8 82 3 3826801 2.040990952
88 1 3 1614829 2.040994217
46 39 3 917734 2.040994256
77 79 3 25436888 2.041000179
3 41 3 8198 2.041006561
49 39 3 2995840 2.041012307
85 48 3 24798772 2.041017254
41 4 3 56306 2.041017777
43 49 3 3256126 2.041030288
87 78 3 447472 2.041064757
40 42 3 3219021 2.041069972
2 89 3 2431 2.041075325
84 3 3 39771 2.041079843
46 76 3 1096786 2.041082964
2 12 3 5084 2.041090068
12 6 3 16038 2.041096629
10 82 3 78231 2.041097161
50 48 3 53112 2.041107258
37 14 3 16805686 2.041107317
85 87 3 69154 2.041112642
6 10 3 40828 2.041113562
45 75 3 25343 2.041117051
52 39 3 27258 2.041118985
84 83 3 3809713 2.041119846
86 52 3 19279 2.041128284
4 7 3 7531093 2.041138352
77 78 3 29927 2.041164508
0 42 3 1440999 2.041181986
52 43 3 535295 2.041182650
80 78 3 2080 2.041184518
74 2 3 7477 2.041185752
75 76 3 10911613 2.041190577
14 4 3 2255 2.041195480
38 39 3 60295 2.041198827
43 15 3 4741944 2.041200939
11 37 3 5179 2.041212926
15 81 3 65539 2.041213617
75 89 3 22678 2.041237235
82 75 3 4518 2.041247813
80 88 3 943184 2.041249408
51 45 3 61502 2.041252023
6 12 3 2329 2.041252984
75 50 3 27297970 2.041256251
77 84 3 9575 2.041257492
83 88 3 53244 2.041265895
40 45 3 52993 2.041271122
9 13 3 48820 2.041271189
38 80 3 693363 2.041284375
38 52 3 34677 2.041304047
81 40 3 380 2.041308975
41 84 3 2055 2.041312758
1 81 3 1551707 2.041313385
46 15 3 7810 2.041315891
79 88 3 64393 2.041319331
2 8 3 1863 2.041325189
84 50 3 49979 2.041340229
81 87 3 7915 2.041351151
42 15 3 24385 2.041365032
85 83 3 47359 2.041368950
15 6 3 3551701 2.041369972
88 89 3 5412765 2.041372702
74 77 3 46375 2.041376012
76 75 3 74662 2.041377170
82 88 3 1493429 2.041382624
76 83 3 30230 2.041384108
51 1 3 9986848 2.041388172
49 42 3 17973 2.041389154
74 50 3 65586 2.041394324
11 49 3 30412 2.041395525
75 74 3 21246 2.041402950
42 12 3 137984 2.041406447
7 5 3 1690838 2.041406780
51 82 3 4790 2.041414664
75 88 3 3273 2.041415812
40 6 3 55344 2.041422978
3 14 3 61640 2.041425716
42 12 3 777011 2.041431419
44 78 3 27443 2.041438179
9 2 3 27668 2.041443462
50 43 3 25785 2.041449980
2 9 3 4188 2.041460226
48 39 3 5866 2.041460529
8 7 3 13369 2.041464564
1 11 3 20712 2.041465069
12 4 3 2862 2.041477572
14 12 3 77046 2.041481268
0 46 3 7072317 2.041482179
49 9 3 609046 2.041490118
7 37 3 178638 2.041502136
86 75 3 3279312 2.041506940
2 13 3 380101 2.041511027
49 39 3 591 2.041513853
80 47 3 20427 2.041518123
83 75 3 1504906 2.041521362
4 78 3 67146 2.041525117
51 46 3 208 2.041526082
47 43 3 65321 2.041527829
48 38 3 24667 2.041529396
4 9 3 79633 2.041530841
5 77 3 762768 2.041532128
74 84 3 71002 2.041537392
51 46 3 30847 2.041539830
52 48 3 77215 2.041548691
75 83 3 3080 2.041552654
12 81 3 6998710 2.041556935
7 3 3 182746 2.041560331
38 41 3 16940860 2.041561200
51 9 3 4925574 2.041565591
13 11 3 16155 2.041567993
12 7 3 130049 2.041576177
82 15 3 2119395 2.041583205
2 11 3 6970780 2.041594641
12 82 3 58421 2.041594949
45 84 3 55483 2.041597258
0 2 3 17760 2.041600010
51 13 3 276606 2.041601163
79 7 3 7524 2.041606988
48 46 3 24293 2.041609976
14 82 3 2564453 2.041610026
77 82 3 28661393 2.041624418
2 8 3 2688 2.041634616
2 89 3 6038292 2.041639454
50 9 3 24284 2.041641062
11 38 3 125180 2.041666365
47 6 3 77954 2.041667025
48 13 3 57947 2.041679854
6 38 3 2725 2.041681194
78 74 3 6744 2.041689853
78 89 3 146452 2.041691869
12 89 3 7314518 2.041708511
84 48 3 177989 2.041715965
83 89 3 58630 2.041725962
0 8 3 19114 2.041737121
74 76 3 8327 2.041739832
39 84 3 24169 2.041747382
77 40 3 22839438 2.041755961
45 49 3 20116059 2.041757000
48 38 3 7197114 2.041762155
43 50 3 55001 2.041767426
1 11 3 20880 2.041775487
39 46 3 1373016 2.041776655
9 80 3 72087 2.041778343
76 86 3 28877 2.041787964
47 0 3 46737 2.041793781
84 88 3 11440 2.041798007
75 9 3 30752 2.041819907
14 9 3 63401 2.041824215
75 1 3 4152185 2.041824668
42 44 3 108567 2.041827041
81 9 3 3064759 2.041829485
3 11 3 4078286 2.041834199
76 87 3 45002 2.041835180
42 38 3 1103434 2.041839537
5 74 3 2454 2.041857167
9 78 3 25427 2.041857700
82 41 3 56376 2.041858344
3 0 3 67145 2.041858645
43 4 3 1068985 2.041866011
47 88 3 19740 2.041870797
10 74 3 6104 2.041872250
48 51 3 60645 2.041875090
12 84 3 8668 2.041884221
11 50 3 23916 2.041893974
39 48 3 7510 2.041900654
2 10 3 68477 2.041906114
51 52 3 23149 2.041907383
45 4 3 3182 2.041907870
49 10 3 115925 2.041919728
1 13 3 821325 2.041922583
4 5 3 27249 2.041933503
75 81 3 73110 2.041938951
49 42 3 28790 2.041941028
83 84 3 20756 2.041942832
0 8 3 348280 2.041949617
87 77 3 18256 2.041959001
12 9 3 138804 2.041982493
10 7 3 72432 2.041988599
89 76 3 1613 2.041996339
78 76 3 140375 2.041998957
47 6 3 2861 2.042007128
47 0 3 11633 2.042007818
79 82 3 4335999 2.042010395
79 83 3 44223 2.042011641
74 84 3 60042 2.042019147
85 76 3 53308 2.042025442
78 11 3 640020 2.042026229
12 9 3 1521938 2.042028663
48 39 3 1337758 2.042029286
52 43 3 43954 2.042048959
52 3 3 57200 2.042058280
51 47 3 5728 2.042068410
11 1 3 33839 2.042091416
49 47 3 29089 2.042097316
14 2 3 21238 2.042105271
41 3 3 14406 2.042117005
51 88 3 65817 2.042124785
0 2 3 8695301 2.042124940
13 78 3 77227 2.042127441
10 38 3 145486 2.042133823
75 88 3 15736 2.042140398
81 76 3 9251 2.042164574
4 13 3 2434572 2.042171122
12 6 3 6787 2.042172772
2 13 3 5250316 2.042196489
46 43 3 1188670 2.042200611
48 42 3 830011 2.042208027
75 84 3 28722 2.042212419
39 47 3 2260727 2.042232151
78 79 3 1158390 2.042234025
0 4 3 75886 2.042240039
75 5 3 11601143 2.042247820
6 15 3 9994368 2.042249847
78 77 3 187544 2.042255585
48 39 3 6525 2.042259964
1 82 3 612050 2.042267809
48 87 3 73042 2.042273286
46 1 3 7252 2.042281810
8 76 3 2034 2.042282596
41 0 3 74452 2.042284291
76 81 3 49727 2.042286923
2 4 3 111643 2.042301873
81 79 3 51377 2.042302858
2 10 3 555881 2.042303308
11 7 3 7305730 2.042303313
38 42 3 2592029 2.042326273
40 10 3 3171009 2.042329878
89 11 3 18951 2.042336414
79 41 3 628751 2.042343928
1 8 3 5796525 2.042354352
79 85 3 8968668 2.042359916
82 79 3 9448 2.042367907
86 76 3 24570 2.042375966
78 11 3 1480975 2.042380134
52 49 3 24964 2.042387352
37 89 3 33860 2.042387498
5 85 3 3862293 2.042390527
12 10 3 4349778 2.042398134
83 80 3 188140 2.042402572
14 43 3 239118 2.042406434
84 80 3 23847 2.042419048
3 75 3 6877565 2.042436074
2 75 3 1737119 2.042454661
38 46 3 2117934 2.042458225
14 10 3 4112129 2.042466424
49 46 3 61549 2.042467280
9 2 3 6630197 2.042484862
51 81 3 1291080 2.042486509
39 42 3 24639 2.042492160
84 77 3 44293 2.042496600
79 6 3 56607 2.042501961
8 3 3 2903 2.042505359
82 14 3 8217604 2.042510115
76 79 3 24962 2.042511704
15 87 3 15684064 2.042519926
82 87 3 39741 2.042523843
44 14 3 4384883 2.042529557
11 12 3 57598 2.042530270
43 49 3 3889854 2.042533844
77 75 3 989148 2.042539297
45 10 3 21834 2.042542047
15 74 3 8323 2.042542739
42 76 3 633956 2.042544534
87 89 3 1642 2.042549335
0 6 3 2482478 2.042559599
83 74 3 34251 2.042570168
88 9 3 7447724 2.042570450
77 89 3 39458 2.042572022
43 84 3 1745 2.042574876
11 10 3 2978846 2.042580737
7 87 3 1142023 2.042585663
49 52 3 3742 2.042592879
12 0 3 77621 2.042598665
4 10 3 8720111 2.042604339
51 47 3 1357036 2.042608848
6 11 3 164613 2.042618465
75 78 3 27668 2.042619682
38 8 3 25205 2.042624330
47 12 3 44816 2.042624351
8 42 3 53074 2.042630499
45 50 3 18730 2.042631886
85 78 3 24742 2.042633354
9 7 3 4792171 2.042635303
3 9 3 63560 2.042656976
78 83 3 36739 2.042661711
15 3 3 709092 2.042665510
84 7 3 169957 2.042669003
40 47 3 22975 2.042671670
8 46 3 45944 2.042675605
46 40 3 4767 2.042678582
4 2 3 28572 2.042681771
49 4 3 8020946 2.042700026
44 85 3 40700 2.042702283
40 81 3 3717127 2.042703886
87 83 3 6932228 2.042704660
41 89 3 1077839 2.042707187
40 37 3 15752 2.042716701
2 0 3 64588 2.042720029
84 78 3 1785 2.042729473
0 13 3 2334403 2.042733327
8 11 3 91026 2.042734677
5 6 3 550943 2.042742721
76 12 3 26848 2.042754982
88 77 3 55768 2.042764672
6 3 3 2296 2.042764901
80 1 3 85970 2.042766782
45 12 3 52217 2.042773161
51 3 3 126830 2.042778030
80 89 3 39283 2.042787649
9 41 3 67055 2.042788434
11 9 3 9611 2.042795108
13 3 3 59751 2.042812205
75 14 3 39970 2.042819242
8 11 3 6656 2.042824286
13 14 3 11171 2.042827399
42 4 3 4119180 2.042835109
82 41 3 41842 2.042850017
77 86 3 26199 2.042854619
74 1 3 409086 2.042857857
81 7 3 46592 2.042860642
10 48 3 28057 2.042866106
43 51 3 9244694 2.042869669
47 46 3 70724 2.042874237
76 89 3 38967 2.042881557
5 41 3 1934629 2.042895447
38 43 3 66378 2.042900389
40 6 3 5037 2.042905185
47 76 3 2521 2.042909310
6 75 3 9366 2.042927416
85 6 3 1672435 2.042929589
37 39 3 4461783 2.042949525
82 74 3 1294789 2.042949747
2 49 3 5152 2.042953765
12 13 3 53118 2.042965068
1 38 3 75437 2.042973251
81 89 3 657990 2.042986009
43 41 3 1474 2.042986619
44 38 3 29513 2.042999613
51 39 3 671208 2.043004243
11 1 3 33 2.043005127
82 74 3 21419 2.043020096
2 1 3 170189 2.043025661
82 81 3 8171 2.043034012
12 43 3 4379031 2.043038498
10 42 3 19421044 2.043046474
4 5 3 333 2.043046581
8 2 3 1154036 2.043051008
44 46 3 4893565 2.043062207
46 41 3 2352 2.043072473
1 47 3 2091 2.043075429
1 39 3 4693000 2.043087047
89 79 3 52537 2.043091777
10 8 3 2082400 2.043093453
2 6 3 4497 2.043097946
87 84 3 52312 2.043109631
2 7 3 3615027 2.043111516
11 37 3 8712 2.043112480
46 42 3 1201521 2.043129027
10 9 3 9932 2.043138228
1 15 3 27746 2.043142282
14 81 3 770922 2.043148777
41 52 3 57519 2.043155826
80 79 3 60631 2.043157484
9 84 3 7854442 2.043169166
44 40 3 57252 2.043173447
52 45 3 66297 2.043174759
9 7 3 23452 2.043202424
87 80 3 2560925 2.043212553
84 81 3 8113 2.043226802
48 88 3 3620197 2.043235070
0 14 3 70864 2.043254961
82 78 3 7946414 2.043263214
15 13 3 2359874 2.043265181
9 37 3 1635922 2.043266830
7 83 3 2902945 2.043271138
47 88 3 74734 2.043274489
7 84 3 777131 2.043277701
1 38 3 70324 2.043286206
10 80 3 411834 2.043297592
42 39 3 43378 2.043302938
86 12 3 252579 2.043306149
78 75 3 180791 2.043308998
0 83 3 2596796 2.043311464
81 74 3 267886 2.043315126
50 83 3 44455 2.043318324
48 45 3 151033 2.043341820
42 13 3 161430 2.043347876
7 46 3 123246 2.043350125
78 10 3 28280 2.043350185
41 52 3 1917592 2.043364025
77 88 3 8435294 2.043371513
37 38 3 201838 2.043378273
39 5 3 23559 2.043378648
12 82 3 7714593 2.043384628
14 74 3 767106 2.043386403
48 40 3 443609 2.043390840
42 49 3 11985952 2.043393776
38 7 3 6958 2.043397292
37 44 3 29601 2.043399241
10 49 3 108017 2.043400709
43 2 3 13130 2.043403844
87 76 3 168149 2.043404184
8 84 3 137074 2.043406669
1 80 3 1136032 2.043407956
88 37 3 3421810 2.043408321
44 43 3 2746 2.043424232
4 15 3 65707 2.043446877
79 84 3 982956 2.043456492
1 9 3 63264 2.043467176
13 1 3 24767 2.043477980
9 8 3 72478 2.043482027
44 43 3 1281961 2.043482747
12 9 3 51254 2.043483525
41 40 3 3596 2.043488427
44 45 3 40398 2.043491086
52 76 3 6339 2.043493794
85 79 3 718801 2.043500177
5 0 3 41313 2.043501129
80 83 3 796398 2.043502500
47 49 3 4494444 2.043503758
51 12 3 38694 2.043505136
1 6 3 12404 2.043511223
41 44 3 27217 2.043534011
2 7 3 1588447 2.043536693
44 6 3 807952 2.043545581
7 50 3 34995 2.043550725
75 80 3 109906 2.043579969
8 51 3 72505 2.043580694
52 84 3 17654490 2.043581869
40 10 3 5958356 2.043585219
50 80 3 58108 2.043587219
13 75 3 948 2.043594949
83 79 3 33800 2.043613277
81 1 3 32608 2.043633085
2 38 3 9391850 2.043644612
78 84 3 60223 2.043651586
38 42 3 26807 2.043656004
50 1 3 28839 2.043663276
11 7 3 1507634 2.043666999
78 85 3 53437 2.043669037
0 45 3 10304 2.043684321
83 86 3 75836 2.043691755
49 51 3 5535640 2.043693026
15 43 3 59825 2.043697480
40 2 3 1445122 2.043702934
44 46 3 23813 2.043703056
3 83 3 9343 2.043706785
38 46 3 67255 2.043711951
45 50 3 25793 2.043712450
44 37 3 3662108 2.043718234
10 5 3 45494 2.043718926
79 5 3 22986 2.043721181
40 45 3 14556 2.043729733
88 76 3 15055 2.043750943
1 77 3 51561 2.043755646
52 49 3 5683772 2.043764427
87 50 3 14502 2.043770969
83 89 3 70233 2.043775085
76 77 3 4722059 2.043779351
76 13 3 2251147 2.043788596
50 43 3 3106784 2.043792323
39 47 3 46911 2.043794346
85 12 3 21830 2.043796562
79 13 3 61670 2.043799986
81 77 3 162743 2.043800100
3 43 3 368499 2.043806983
9 39 3 39303 2.043809617
82 74 3 345360 2.043813065
87 83 3 901948 2.043819438
7 13 3 21470 2.043834895
47 13 3 9261 2.043839142
44 43 3 861357 2.043850938
80 87 3 5062907 2.043852360
89 74 3 6523930 2.043857986
85 80 3 47041 2.043860577
8 52 3 2275011 2.043882334
50 39 3 1943421 2.043882952
85 79 3 36140 2.043899301
40 52 3 33697 2.043902956
43 13 3 6494 2.043906298
80 79 3 40041 2.043918728
4 9 3 62344 2.043935722
85 2 3 1466176 2.043937284
87 76 3 490044 2.043937313
51 44 3 759762 2.043941847
38 43 3 1236 2.043952860
38 46 3 1644622 2.043955417
78 79 3 4425293 2.043958381
1 81 3 62540 2.043968580
9 8 3 67473 2.043970503
9 80 3 2017187 2.043970704
44 78 3 52387 2.043972695
46 1 3 43287 2.043980697
80 4 3 37273 2.043984060
12 13 3 38204 2.043986771
48 80 3 926328 2.043993022
13 11 3 1308835 2.043994549
82 77 3 167117 2.043995623
15 4 3 4960045 2.043999922
52 7 3 67058 2.044000826
80 8 3 70876 2.044014341
50 10 3 4074 2.044016225
46 5 3 168695 2.044029112
37 52 3 7523 2.044031368
51 45 3 26074 2.044034831
13 12 3 56753 2.044038810
14 13 3 1272154 2.044040406
84 40 3 32835 2.044042895
4 12 3 12903004 2.044043482
4 9 3 3152 2.044048068
39 11 3 1348 2.044048205
81 3 3 43834 2.044055433
76 80 3 419400 2.044057208
8 7 3 2188 2.044063504
38 5 3 1289934 2.044097426
75 10 3 15857695 2.044098147
13 85 3 8080886 2.044109431
52 44 3 43700 2.044109691
85 78 3 1988768 2.044114147
48 45 3 154027 2.044121249
80 75 3 75609 2.044122590
52 82 3 2340555 2.044129549
0 14 3 74222 2.044129745
77 83 3 6783329 2.044131580
40 44 3 2706837 2.044134513
49 47 3 3559 2.044137061
2 7 3 3374553 2.044143094
83 74 3 2352085 2.044155380
41 89 3 143779 2.044158356
6 10 3 9169 2.044158392
9 83 3 24934 2.044163944
79 89 3 2895954 2.044175204
43 44 3 23469 2.044175702
37 40 3 53521 2.044185092
80 82 3 32593 2.044201314
49 37 3 2465900 2.044201504
83 76 3 1321246 2.044212636
80 49 3 3061161 2.044214467
6 14 3 4104204 2.044223132
48 9 3 17961 2.044243097
40 81 3 1018798 2.044250772
45 9 3 49535 2.044272062
48 3 3 3726996 2.044274775
80 87 3 7743936 2.044282910
46 43 3 327354 2.044287282
49 52 3 2604 2.044309020
89 83 3 7853 2.044309271
2 5 3 9598049 2.044309425
84 13 3 186241 2.044309675
51 50 3 63780 2.044310816
82 38 3 2019 2.044322340
11 9 3 76901 2.044332366
46 43 3 33274 2.044334226
81 83 3 422574 2.044338629
41 48 3 4247 2.044343555
52 51 3 4792 2.044363560
0 81 3 56848 2.044371708
41 75 3 8224 2.044377631
82 76 3 1825157 2.044384913
86 42 3 46926 2.044386430
13 47 3 2113037 2.044400612
10 89 3 112583 2.044403319
12 75 3 785205 2.044406648
46 81 3 33230 2.044410839
13 9 3 7067287 2.044412561
11 6 3 1598087 2.044416264
39 6 3 787235 2.044419103
50 88 3 310484 2.044419517
12 0 3 8404 2.044431425
77 85 3 95609 2.044435731
40 47 3 9919691 2.044437358
2 15 3 2359154 2.044437654
52 40 3 57648 2.044459436
45 89 3 31232 2.044460369
51 8 3 790141 2.044468366
11 14 3 8373 2.044472067
78 77 3 26230 2.044474965
79 52 3 536073 2.044475968
14 89 3 44564 2.044485328
47 11 3 503340 2.044487082
41 48 3 3840039 2.044490573
39 44 3 1769564 2.044499092
37 5 3 3415 2.044499740
81 77 3 14942 2.044504927
2 14 3 37316 2.044506140
4 1 3 782496 2.044516817
15 86 3 6942534 2.044526442
78 79 3 59416 2.044535426
44 37 3 195354 2.044536814
85 81 3 8124068 2.044540192
41 45 3 72767 2.044550239
5 13 3 7945521 2.044554587
12 7 3 61340 2.044557831
5 4 3 8970 2.044559923
3 77 3 50938 2.044565187
15 89 3 3322138 2.044571973
38 40 3 17 2.044591070
11 14 3 5123278 2.044591448
52 44 3 843422 2.044591983
89 84 3 4883066 2.044613258
41 45 3 340129 2.044616075
8 3 3 2689 2.044619446
52 40 3 7813 2.044630357
48 42 3 17023 2.044631255
15 3 3 3100 2.044634901
10 1 3 1530469 2.044640171
40 43 3 64922 2.044645942
51 77 3 1257015 2.044650821
39 82 3 2135 2.044656177
41 42 3 2123 2.044656526
48 41 3 9834496 2.044662468
89 80 3 77220 2.044664085
44 1 3 1214160 2.044666575
50 41 3 8759689 2.044673063
11 42 3 183676 2.044676936
81 89 3 1448027 2.044695285
44 42 3 4031047 2.044710165
41 42 3 101273 2.044710401
45 44 3 7329 2.044712278
42 48 3 164381 2.044718047
40 75 3 14465 2.044726617
7 3 3 2192 2.044733064
87 2 3 2957160 2.044737696
8 9 3 385910 2.044745599
39 89 3 5558566 2.044747642
48 52 3 11747247 2.044761024
84 46 3 57094 2.044767977
84 79 3 559443 2.044771898
83 74 3 8107932 2.044775545
46 15 3 20024 2.044781663
38 84 3 3259920 2.044781916
37 49 3 8352624 2.044789645
40 39 3 5752 2.044790601
8 7 3 5154674 2.044794761
12 10 3 3100 2.044798539
86 81 3 53563 2.044799417
45 88 3 19156885 2.044801146
79 5 3 2421770 2.044808262
43 45 3 8102722 2.044815505
87 88 3 26535982 2.044816578
14 13 3 1273332 2.044845855
11 2 3 1347533 2.044852136
80 48 3 14919 2.044856758
0 82 3 753707 2.044857553
11 12 3 56325 2.044863110
13 5 3 1886429 2.044864877
9 2 3 4104386 2.044871780
40 46 3 29995 2.044881002
45 74 3 5831 2.044882194
83 14 3 39044 2.044885531
38 43 3 32212 2.044895620
51 49 3 9894 2.044898379
76 74 3 66390 2.044899126
9 5 3 3531 2.044900216
41 39 3 7660 2.044904849
76 4 3 2629 2.044908408
49 52 3 6055 2.044909716
47 37 3 8688 2.044918741
10 1 3 9149 2.044920918
74 76 3 790126 2.044921998
82 76 3 273688 2.044922400
76 79 3 2996927 2.044924965
12 8 3 50711 2.044931778
42 1 3 6942852 2.044933411
74 81 3 6597 2.044951514
85 89 3 557513 2.044955029
49 37 3 56372 2.044956623
46 43 3 27155420 2.044957165
82 79 3 9897547 2.044957411
47 12 3 7496 2.044965439
15 7 3 544033 2.044972252
89 82 3 7581778 2.044973154
38 89 3 2090 2.044974598
14 8 3 1077845 2.044974871
75 3 3 20979 2.044977991
52 47 3 36365 2.044989816
87 84 3 9216387 2.044998023
80 87 3 53853 2.044999690
8 79 3 27826 2.045002444
37 86 3 16293647 2.045003899
51 82 3 10917 2.045009351
15 82 3 36953 2.045011638
44 52 3 50669 2.045034148
49 43 3 1338315 2.045034768
86 85 3 41639 2.045037706
41 44 3 5487445 2.045037841
43 49 3 22418 2.045044788
87 78 3 1025522 2.045046496
89 74 3 14204 2.045050545
38 50 3 11616 2.045054709
41 85 3 3954 2.045064809
11 12 3 4836004 2.045069403
3 1 3 7319989 2.045079290
85 45 3 1262698 2.045080381
51 37 3 2928505 2.045081467
2 8 3 24982 2.045094488
37 47 3 91 2.045105779
89 79 3 986072 2.045106546
78 12 3 4921781 2.045111580
8 49 3 4400290 2.045121388
2 13 3 143770 2.045142222
52 38 3 1052430 2.045147553
82 84 3 145454 2.045152086
46 40 3 78890 2.045160941
47 86 3 3082552 2.045164512
47 43 3 26314 2.045177037
46 11 3 26663 2.045183244
89 82 3 79871 2.045184212
10 44 3 56568 2.045190463
45 41 3 3780338 2.045195332
38 40 3 26570563 2.045213679
37 0 3 4087497 2.045215693
11 9 3 65122 2.045216618
37 40 3 6726 2.045221176
37 6 3 76374 2.045222411
78 87 3 29683 2.045223214
77 82 3 508522 2.045223559
85 41 3 7655395 2.045224894
85 77 3 9407 2.045228408
51 37 3 21065 2.045236426
11 10 3 39174 2.045237840
46 48 3 4855723 2.045244871
3 9 3 18015580 2.045246768
75 85 3 2358085 2.045247203
45 74 3 21729 2.045251597
2 1 3 25437 2.045256095
42 12 3 13995 2.045268335
37 15 3 37249 2.045268535
77 88 3 47494 2.045279528
87 43 3 5498012 2.045282173
10 7 3 2408321 2.045298220
51 47 3 19352 2.045320326
8 2 3 1875335 2.045333063
89 75 3 1767561 2.045340293
1 10 3 43220 2.045347484
51 43 3 8944545 2.045351965
3 11 3 51826 2.045355187
2 48 3 6042 2.045358101
50 45 3 40290 2.045369046
38 51 3 6504 2.045387020
88 77 3 3750795 2.045387635
41 84 3 5283 2.045396732
86 81 3 88264 2.045415452
88 10 3 5653 2.045428264
39 86 3 50049 2.045429965
84 87 3 76343 2.045430614
52 49 3 2603 2.045444660
4 5 3 77117 2.045452784
78 41 3 12288103 2.045458657
14 47 3 479165 2.045465833
38 51 3 1643404 2.045474432
81 42 3 2309 2.045478239
83 0 3 901025 2.045486481
39 11 3 32502 2.045490760
37 45 3 2144 2.045502436
50 6 3 647456 2.045502560
50 41 3 21587 2.045514207
12 9 3 61176 2.045514376
38 46 3 135698 2.045522396
7 15 3 5677 2.045523157
81 86 3 41182 2.045534655
46 52 3 74112 2.045536659
48 3 3 5616 2.045540940
4 10 3 31339 2.045541881
3 47 3 2187981 2.045552731
74 2 3 2538 2.045553140
83 82 3 1406905 2.045553879
40 5 3 1248775 2.045554660
75 44 3 811065 2.045557707
8 1 3 5006 2.045569491
83 77 3 4175296 2.045573063
52 3 3 4647648 2.045574379
43 41 3 45 2.045576845
7 10 3 3811419 2.045598596
46 38 3 192038 2.045601813
79 88 3 33314 2.045608904
41 52 3 20749673 2.045610514
4 11 3 3703699 2.045614142
10 14 3 2785365 2.045616625
82 79 3 233788 2.045616969
0 13 3 306435 2.045622866
46 45 3 60288 2.045623990
7 6 3 35779 2.045632893
4 15 3 5975415 2.045636416
0 1 3 186993 2.045639085
14 12 3 29958 2.045639745
4 86 3 880494 2.045655624
76 37 3 11337095 2.045657850
74 4 3 129 2.045659017
40 48 3 10844 2.045660316
84 79 3 79267 2.045668741
14 9 3 4033530 2.045695431
0 11 3 13622 2.045695796
46 0 3 30541 2.045696813
13 2 3 364472 2.045697636
6 1 3 31027 2.045701832
88 85 3 176221 2.045702883
41 47 3 13643 2.045704300
46 51 3 20715 2.045711098
50 0 3 50771 2.045722048
87 15 3 1895802 2.045743019
82 85 3 62445 2.045743408
14 4 3 60355 2.045747140
49 8 3 3325101 2.045747865
1 3 3 19503 2.045757728
15 78 3 156376 2.045757794
78 52 3 1987767 2.045758494
85 83 3 2670634 2.045759858
77 75 3 28818783 2.045766407
2 49 3 149369 2.045779313
86 37 3 11273 2.045783064
84 87 3 56526 2.045784533
9 42 3 687 2.045787289
4 77 3 11792989 2.045791073
80 75 3 143627 2.045796579
0 45 3 3122890 2.045804076
1 13 3 523919 2.045806611
42 43 3 23183 2.045813912
14 8 3 116713 2.045815120
50 38 3 294 2.045821872
5 3 3 20759130 2.045822136
49 77 3 43716 2.045825528
80 86 3 246631 2.045838690
11 2 3 320961 2.045865928
15 4 3 1286068 2.045867386
12 13 3 4167134 2.045868210
87 86 3 25992 2.045868887
38 45 3 1967364 2.045896610
41 4 3 1565514 2.045903671
40 48 3 3809746 2.045904001
51 76 3 1843512 2.045913187
3 0 3 1942788 2.045921485
80 75 3 44169 2.045923412
37 45 3 1413114 2.045924511
9 2 3 3002 2.045928465
13 4 3 22738 2.045929665
39 44 3 90075 2.045944298
0 1 3 30675 2.045951004
87 83 3 3445449 2.045953951
15 51 3 7380 2.045954571
51 5 3 290753 2.045966698
13 39 3 73779 2.045968038
41 51 3 198776 2.045968206
81 86 3 6019329 2.045973258
86 79 3 23352 2.045982336
51 37 3 1505 2.045982699
42 50 3 2927462 2.046000321
85 74 3 1853661 2.046005005
43 44 3 4191484 2.046009620
45 42 3 5526 2.046012754
80 86 3 4229999 2.046014788
15 13 3 34634 2.046016014
80 83 3 4989 2.046032329
89 1 3 67110 2.046032685
4 0 3 75170 2.046034671
82 75 3 1989714 2.046040039
42 37 3 9330304 2.046042944
79 43 3 619914 2.046046792
87 81 3 7601529 2.046058220
84 79 3 5 2.046070198
42 37 3 9155 2.046084443
80 89 3 5133 2.046090106
3 4 3 55259 2.046094343
14 8 3 24204 2.046094488
42 38 3 22985 2.046100257
77 84 3 65370 2.046110552
52 45 3 38776 2.046114035
89 83 3 207615 2.046121508
50 38 3 1150076 2.046128970
52 3 3 27024 2.046130756
80 88 3 8831 2.046135490
39 38 3 27758 2.046141875
47 48 3 27828 2.046147361
3 1 3 9244 2.046152193
1 79 3 5572 2.046160069
87 80 3 9603191 2.046163186
10 5 3 442 2.046163382
40 43 3 6323 2.046170277
48 83 3 124381 2.046178151
86 47 3 4739 2.046178836
39 14 3 6128 2.046184685
38 51 3 35600 2.046194015
15 49 3 377623 2.046194609
12 13 3 36479 2.046205586
7 4 3 42998 2.046211675
87 77 3 15864 2.046212470
51 10 3 120964 2.046216707
41 47 3 1736218 2.046220893
51 52 3 8541 2.046223709
4 0 3 37309 2.046232999
3 14 3 1235904 2.046234033
50 43 3 1894890 2.046234239
1 82 3 3976 2.046234692
4 5 3 4846778 2.046236875
78 79 3 7106 2.046248128
75 85 3 700711 2.046252661
14 43 3 1522116 2.046253684
15 5 3 3674 2.046257790
46 86 3 35739 2.046282423
10 0 3 1849 2.046283293
83 74 3 6765117 2.046287686
3 10 3 40294 2.046294364
8 9 3 58094 2.046307847
7 78 3 4423763 2.046315832
39 9 3 381265 2.046330086
50 38 3 153454 2.046331229
12 6 3 22886 2.046336610
39 2 3 1564845 2.046344298
39 82 3 46523 2.046346772
45 39 3 132685 2.046348387
75 85 3 20985 2.046376236
38 45 3 67387 2.046401373
3 80 3 1691993 2.046401963
79 10 3 197743 2.046408598
6 1 3 79776 2.046413321
43 6 3 203483 2.046415061
76 81 3 1228702 2.046416043
80 89 3 163422 2.046421585
47 40 3 8259 2.046426014
50 51 3 390332 2.046435475
77 84 3 3437720 2.046445507
79 89 3 1827937 2.046453582
52 87 3 57457 2.046453963
49 45 3 9491169 2.046463132
87 46 3 27705 2.046483091
10 0 3 252380 2.046483554
82 6 3 623410 2.046483736
75 9 3 5708 2.046490105
87 14 3 5317010 2.046491088
10 13 3 3654631 2.046511499
48 42 3 40044 2.046534067
14 10 3 916119 2.046534283
81 51 3 55440 2.046534426
78 81 3 5956 2.046542541
8 11 3 21528 2.046546952
37 3 3 1124916 2.046550367
76 77 3 64138 2.046551272
85 89 3 8474679 2.046559254
80 42 3 2054786 2.046571029
77 87 3 1040726 2.046585607
48 46 3 1160656 2.046592571
89 38 3 1426394 2.046593702
38 41 3 28363 2.046595698
42 44 3 5527090 2.046615642
76 79 3 48666 2.046646296
40 48 3 93251 2.046652040
14 85 3 3444997 2.046654304
49 51 3 22326 2.046656932
40 12 3 86747 2.046661702
86 78 3 22835042 2.046662508
44 50 3 3556402 2.046670181
76 80 3 36686 2.046679203
8 11 3 4465167 2.046701400
14 41 3 205380 2.046721106
47 45 3 4694157 2.046723960
45 37 3 25353058 2.046725262
88 52 3 3540 2.046735084
15 77 3 49980 2.046741392
81 83 3 9103 2.046742970
6 11 3 2042239 2.046746579
39 5 3 3071296 2.046750465
52 46 3 9921011 2.046758500
74 76 3 24811 2.046763478
41 40 3 88959 2.046767359
84 76 3 857218 2.046769690
13 37 3 145954 2.046776825
87 86 3 1830411 2.046782049
15 48 3 13729 2.046784230
38 84 3 25729 2.046798402
50 44 3 23634 2.046808335
79 81 3 4572219 2.046816137
3 1 3 75006 2.046823753
77 85 3 47287 2.046835930
79 5 3 31958 2.046841931
7 3 3 20238 2.046850018
11 3 3 405191 2.046855487
9 8 3 29040501 2.046862502
39 38 3 189905 2.046877093
49 8 3 48305 2.046882189
8 40 3 2036 2.046887276
79 89 3 32300 2.046888310
38 52 3 577280 2.046891670
5 14 3 54668 2.046896218
6 37 3 9170 2.046903979
40 52 3 189687 2.046913226
87 78 3 30543 2.046914650
79 82 3 118462 2.046941499
81 37 3 2368 2.046944680
5 4 3 78541 2.046948905
42 50 3 8242202 2.046951117
37 78 3 50532 2.046954460
75 8 3 3849 2.046966945
5 1 3 4774 2.046972913
46 1 3 40168 2.046974166
45 37 3 68781 2.046985558
4 2 3 1358281 2.046986733
5 2 3 554 2.046999131
0 3 3 280158 2.047012547
81 5 3 669441 2.047015076
44 43 3 6945417 2.047023882
7 12 3 342334 2.047025337
51 2 3 37055 2.047027971
50 40 3 3244528 2.047028650
44 46 3 49340 2.047029041
89 48 3 259344 2.047029321
81 83 3 2325 2.047037861
74 86 3 1029630 2.047043985
3 0 3 7906588 2.047065251
42 48 3 64601 2.047066968
12 44 3 761191 2.047076732
81 74 3 1713 2.047081676
43 38 3 2725 2.047082513
13 83 3 646 2.047100325
50 1 3 4132 2.047109100
0 40 3 71434 2.047111075
43 2 3 24169336 2.047115629
38 40 3 122329 2.047123216
88 80 3 182374 2.047125313
38 41 3 20043 2.047125903
52 47 3 77837 2.047135048
10 6 3 306019 2.047136264
10 4 3 26989 2.047136777
13 8 3 36452 2.047143292
44 40 3 59135 2.047154307
10 80 3 406159 2.047176711
48 38 3 52971 2.047183816
89 87 3 5603820 2.047185314
4 3 3 36934 2.047192426
88 76 3 11631 2.047196879
49 52 3 35248 2.047204647
42 43 3 36262 2.047205474
83 45 3 4533726 2.047207054
0 12 3 42902 2.047220273
74 44 3 12689 2.047224592
75 76 3 22920 2.047233717
43 45 3 115453 2.047234119
37 76 3 43031 2.047235174
39 80 3 4412308 2.047237138
43 78 3 2517 2.047237894
45 40 3 14672 2.047240846
80 84 3 5798308 2.047245814
42 41 3 92173 2.047249264
84 78 3 51673 2.047256617
6 5 3 19910 2.047257171
46 38 3 6391868 2.047267184
77 37 3 1843890 2.047269029
51 46 3 181484 2.047280222
87 75 3 278067 2.047280617
2 10 3 28062 2.047285959
2 0 3 43326 2.047287125
48 42 3 23919 2.047290081
3 2 3 3823190 2.047291571
15 11 3 2365040 2.047298444
7 10 3 53334 2.047298820
7 5 3 1977039 2.047299424
37 39 3 9993 2.047301358
8 45 3 35192 2.047301650
45 79 3 14760 2.047310210
48 4 3 967389 2.047311352
87 82 3 4475996 2.047320160
45 38 3 1819711 2.047323499
81 78 3 25960 2.047326237
47 77 3 1332147 2.047330042
13 0 3 24663 2.047330052
81 88 3 7471 2.047333266
83 82 3 8842 2.047336480
5 78 3 573605 2.047339367
43 52 3 58047 2.047341873
51 41 3 1081909 2.047342825
6 13 3 1397 2.047348809
38 85 3 6443202 2.047349966
37 1 3 8698 2.047350423
2 87 3 35660 2.047357570
39 38 3 46507 2.047358445
75 87 3 9550 2.047369200
84 85 3 59101 2.047371312
9 5 3 1586311 2.047379662
49 42 3 79778 2.047383211
41 52 3 1787073 2.047386384
5 82 3 293247 2.047388871
37 3 3 5009 2.047389940
8 11 3 58041 2.047400876
83 43 3 3982 2.047412919
7 80 3 23890 2.047415998
38 8 3 4503886 2.047418246
4 85 3 5862 2.047421957
52 50 3 1626644 2.047425137
7 82 3 46856 2.047428335
48 78 3 194112 2.047430093
0 43 3 6374 2.047446738
12 10 3 84969 2.047459534
86 14 3 6227435 2.047473482
9 14 3 9546026 2.047482447
3 4 3 696613 2.047486938
47 38 3 44042 2.047489210
78 80 3 3518049 2.047491477
82 9 3 6657 2.047493731
37 13 3 1903324 2.047503810
51 10 3 1758660 2.047505415
15 9 3 837149 2.047517811
11 3 3 790378 2.047522331
79 9 3 3592279 2.047526535
11 48 3 559404 2.047526614
46 44 3 16447 2.047528707
49 15 3 4163732 2.047531382
50 12 3 7150826 2.047536418
48 51 3 67702 2.047553485
7 12 3 1602665 2.047566569
46 41 3 8659 2.047568699
10 89 3 27234 2.047591767
81 86 3 10868 2.047594810
38 41 3 1906898 2.047598015
7 9 3 1005826 2.047608909
37 46 3 6084 2.047609009
81 89 3 2755 2.047613771
81 7 3 40605 2.047620615
88 79 3 69605 2.047633619
44 14 3 46879 2.047642121
48 51 3 58613 2.047644071
78 81 3 23538 2.047646196
1 6 3 1633591 2.047650358
42 79 3 723217 2.047654202
40 13 3 1033387 2.047661793
75 1 3 717390 2.047687086
77 79 3 1181005 2.047689966
39 2 3 653728 2.047696302
5 79 3 7987 2.047699294
86 46 3 158456 2.047704595
42 88 3 1716855 2.047706821
75 74 3 22407 2.047709880
3 14 3 60361 2.047710656
80 42 3 76462 2.047730024
78 83 3 22477 2.047731348
41 83 3 5130 2.047732058
37 44 3 1210175 2.047734954
46 83 3 177247 2.047737382
75 79 3 79731 2.047738418
8 4 3 1485484 2.047743949
42 43 3 107737 2.047745563
89 88 3 59847 2.047746660
41 1 3 4811 2.047764170
6 76 3 100132 2.047770897
4 42 3 1991226 2.047773588
43 89 3 929352 2.047775359
6 3 3 5783105 2.047776684
82 79 3 777138 2.047787418
38 47 3 42993 2.047791335
88 87 3 62447 2.047793012
79 84 3 32421 2.047793695
6 45 3 67041 2.047794053
1 39 3 13566 2.047796423
2 49 3 4455 2.047806489
10 0 3 4244248 2.047806875
79 84 3 252579 2.047807175
47 8 3 1874686 2.047807181
2 0 3 26622 2.047807463
79 12 3 343789 2.047809117
48 86 3 69026 2.047815314
5 38 3 8747439 2.047822632
75 76 3 27780 2.047822897
40 45 3 487535 2.047825201
7 75 3 198583 2.047825853
47 49 3 36693 2.047838498
40 51 3 394607 2.047850740
5 51 3 163747 2.047858853
80 78 3 51059 2.047863735
43 47 3 13192281 2.047870016
77 83 3 282990 2.047876153
7 8 3 2241 2.047883132
37 49 3 79439 2.047894461
7 2 3 16401 2.047920978
3 47 3 1402252 2.047924703
38 86 3 1955602 2.047925421
86 81 3 196661 2.047932680
13 1 3 4220373 2.047933570
14 47 3 28888 2.047935779
42 47 3 5333 2.047939490
52 10 3 4097995 2.047939824
10 77 3 9147 2.047942299
7 42 3 27414 2.047947178
81 74 3 2839006 2.047952006
6 9 3 5380860 2.047955027
50 38 3 64880 2.047967339
88 10 3 597057 2.047972337
7 5 3 7842 2.047983229
8 13 3 26956 2.047990056
89 88 3 50119 2.047993517
14 5 3 8164635 2.048000922
87 78 3 43778 2.048007492
84 49 3 870650 2.048007762
50 41 3 5797 2.048009393
83 47 3 8933 2.048009789
4 3 3 19767 2.048017064
44 38 3 736 2.048038815
9 12 3 796269 2.048056113
75 47 3 38721 2.048060616
79 74 3 58789 2.048060743
47 38 3 745 2.048067106
13 0 3 7110532 2.048067655
80 43 3 433189 2.048082690
47 44 3 7439716 2.048088257
79 38 3 1648 2.048091072
88 76 3 89697 2.048096232
77 8 3 36048 2.048099933
8 38 3 1945944 2.048104131
5 83 3 4518096 2.048106581
47 48 3 9036463 2.048119364
47 48 3 82371 2.048141743
82 78 3 6956886 2.048143058
40 15 3 4400734 2.048143990
3 86 3 21923 2.048145309
78 84 3 38621 2.048147579
39 76 3 41596 2.048150708
49 77 3 73512 2.048152642
77 78 3 48639 2.048156105
38 40 3 179455 2.048157254
74 75 3 110505 2.048174345
10 79 3 24467 2.048175529
46 52 3 1612594 2.048179192
12 79 3 77613 2.048179879
47 48 3 40655 2.048188644
11 40 3 1418011 2.048192267
8 1 3 44509 2.048194100
49 42 3 2838999 2.048197362
47 38 3 72471 2.048205853
86 85 3 1833474 2.048212098
75 83 3 223673 2.048218901
13 37 3 8914775 2.048224773
45 84 3 5524063 2.048229227
50 46 3 26776 2.048231479
82 80 3 79759 2.048238700
46 5 3 6519 2.048255702
45 37 3 34833 2.048299166
4 88 3 29312 2.048308379
0 12 3 6160093 2.048310068
82 74 3 9350 2.048318031
80 86 3 322010 2.048322374
37 83 3 60637 2.048323249
78 88 3 1408 2.048340266
14 13 3 6587268 2.048345177
45 39 3 7643957 2.048356254
9 6 3 948 2.048363988
6 8 3 5048552 2.048369213
78 89 3 1065182 2.048381403
78 77 3 1559284 2.048383469
46 38 3 23318 2.048395234
74 0 3 1185124 2.048400231
38 80 3 107468 2.048406184
80 9 3 53917 2.048408313
78 48 3 9315669 2.048433757
74 88 3 59932 2.048441160
38 43 3 183172 2.048441611
48 87 3 51942 2.048444528
9 81 3 2343909 2.048451461
40 81 3 26874292 2.048459475
47 41 3 26349 2.048464369
48 40 3 40541 2.048471378
39 48 3 219697 2.048494897
89 77 3 2708892 2.048495622
11 5 3 21410 2.048498586
76 86 3 14890 2.048526849
6 13 3 1792227 2.048530535
46 11 3 20198 2.048539189
83 37 3 82515 2.048540405
75 46 3 18431 2.048544912
39 49 3 64758 2.048545029
75 76 3 21780 2.048548409
4 37 3 4627237 2.048548516
49 52 3 182954 2.048549191
45 42 3 150196 2.048563396
13 5 3 127842 2.048567421
41 38 3 1010 2.048570187
6 1 3 45881 2.048577202
50 43 3 1241028 2.048591072
14 6 3 175397 2.048596587
82 75 3 12943258 2.048599784
50 52 3 19389 2.048614096
6 7 3 36948 2.048615640
43 39 3 5583 2.048616425
49 51 3 181841 2.048630672
38 0 3 69939 2.048631630
1 6 3 7129478 2.048639665
85 77 3 5634968 2.048645388
14 85 3 77437 2.048665226
11 83 3 49135 2.048672790
13 7 3 8784342 2.048679062
78 88 3 677595 2.048682521
12 13 3 36347 2.048683466
8 13 3 143586 2.048687081
15 49 3 56942 2.048696903
46 43 3 21615 2.048702846
88 1 3 582 2.048710644
2 82 3 56219 2.048711110
74 2 3 19345 2.048716025
11 13 3 4734 2.048720647
44 37 3 5007 2.048721101
74 75 3 2336724 2.048728549
4 76 3 5465940 2.048740756
38 51 3 75696 2.048743888
38 89 3 6607303 2.048745735
11 7 3 23071 2.048748352
10 2 3 58373 2.048752222
49 5 3 167771 2.048752527
40 39 3 69302 2.048754190
89 82 3 7849000 2.048755840
0 5 3 189294 2.048761700
82 87 3 57995 2.048768764
84 75 3 3867506 2.048783970
85 9 3 66345 2.048784352
14 79 3 1319046 2.048803677
76 85 3 59984 2.048804221
5 84 3 55683 2.048808637
84 43 3 6965956 2.048811231
40 49 3 20520 2.048811845
7 3 3 980026 2.048812996
42 38 3 1932884 2.048826393
47 52 3 35158 2.048827377
1 6 3 4581053 2.048831037
11 80 3 1858018 2.048834142
9 3 3 3579040 2.048835454
7 0 3 52023 2.048844217
37 83 3 20342 2.048848842
48 84 3 3640787 2.048855407
15 39 3 770934 2.048855838
84 74 3 1916784 2.048858667
5 74 3 15288 2.048863554
47 88 3 1677230 2.048876870
14 85 3 27476502 2.048882049
38 50 3 3665 2.048884887
80 86 3 1498878 2.048886950
74 44 3 35841 2.048887665
14 1 3 81177 2.048896542
11 0 3 13218 2.048903527
89 4 3 9476 2.048904264
9 38 3 53045 2.048904709
81 84 3 483 2.048910368
83 51 3 11531 2.048921662
87 84 3 7736338 2.048923590
40 77 3 8128 2.048928610
83 81 3 628049 2.048935386
77 76 3 20522 2.048941394
8 48 3 8261 2.048956972
77 44 3 16756 2.048960292
14 12 3 1002032 2.048963915
74 77 3 2745593 2.048964538
13 2 3 8112 2.048966375
13 15 3 854491 2.048969973
2 3 3 752 2.048976229
85 77 3 193700 2.048979657
15 11 3 3369221 2.048986559
45 43 3 9762 2.048994002
39 81 3 36027 2.048997980
48 40 3 8715 2.049004138
37 41 3 737029 2.049005588
40 51 3 3232154 2.049007422
38 12 3 887072 2.049018235
88 89 3 9500598 2.049021290
82 76 3 16801 2.049027241
4 5 3 4436734 2.049029780
12 6 3 1579582 2.049038363
12 6 3 24852 2.049057179
11 50 3 44767 2.049059864
79 74 3 792588 2.049064937
0 4 3 2185 2.049069762
83 77 3 5600009 2.049089989
3 12 3 291917 2.049090588
14 3 3 646877 2.049097666
10 13 3 24191 2.049097801
51 6 3 2772638 2.049103217
7 2 3 68075 2.049126623
80 5 3 2498221 2.049130652
1 11 3 30925 2.049131000
5 44 3 1527188 2.049135000
3 5 3 26029 2.049136384
41 2 3 19861 2.049138243
52 47 3 31472 2.049145595
86 83 3 973355 2.049154401
40 7 3 54267 2.049164651
47 38 3 6552 2.049171882
84 83 3 4132661 2.049178211
8 77 3 26898 2.049179090
78 11 3 69251 2.049180331
83 13 3 1390898 2.049181216
81 85 3 1541237 2.049182502
80 41 3 748372 2.049188551
49 42 3 9802203 2.049191060
10 40 3 7650 2.049206459
3 10 3 186283 2.049213557
7 6 3 97911 2.049225434
40 43 3 46297 2.049228666
40 9 3 5464440 2.049239166
74 81 3 67419 2.049264131
44 77 3 1499994 2.049265077
39 45 3 174767 2.049271942
0 2 3 19123 2.049272446
78 74 3 9269 2.049274960
8 84 3 1469457 2.049288665
88 85 3 772240 2.049292423
3 81 3 9114457 2.049306564
48 50 3 1396889 2.049322550
89 77 3 3446 2.049326809
41 39 3 153389 2.049331604
5 39 3 35047 2.049333397
78 81 3 6788 2.049333507
43 38 3 40265 2.049336639
44 42 3 972260 2.049339258
83 1 3 30397 2.049339972
13 49 3 410628 2.049350967
10 4 3 1445532 2.049370406
79 14 3 21912 2.049370607
47 43 3 893 2.049388688
44 85 3 893846 2.049391215
51 43 3 110508 2.049400218
12 14 3 8152928 2.049418125
5 7 3 1044535 2.049419008
50 2 3 5453 2.049434666
75 43 3 394947 2.049435621
75 9 3 113 2.049440560
50 89 3 32397 2.049441355
1 14 3 8692907 2.049445741
44 49 3 23222 2.049448080
0 37 3 4621075 2.049454924
81 83 3 26650 2.049458061
78 84 3 23594 2.049458436
78 87 3 28208 2.049476893
85 80 3 22933 2.049482408
1 80 3 39869 2.049483736
78 80 3 68302 2.049500673
44 49 3 4683801 2.049503447
75 43 3 1321788 2.049520089
2 4 3 12401 2.049526525
50 83 3 75063 2.049526715
81 86 3 5084204 2.049539973
3 82 3 15272 2.049545653
0 4 3 4749570 2.049552255
76 89 3 71881 2.049553222
6 37 3 5589 2.049568656
42 50 3 22531 2.049571857
78 86 3 7012365 2.049577591
14 83 3 4602 2.049590034
9 81 3 8798542 2.049593806
88 81 3 29158 2.049595349
13 37 3 6326 2.049601119
6 45 3 3190625 2.049602514
84 87 3 27391 2.049609485
3 79 3 65772 2.049616830
45 10 3 777057 2.049619485
7 82 3 899967 2.049620689
51 46 3 1617289 2.049644345
40 38 3 5641656 2.049644587
39 47 3 28660 2.049644787
88 85 3 24670312 2.049647597
12 42 3 171665 2.049656364
83 75 3 1342034 2.049658482
42 40 3 62846 2.049659482
12 86 3 776782 2.049663970
4 12 3 16722 2.049665502
46 43 3 3060074 2.049666857
42 49 3 8659463 2.049669586
45 75 3 16752394 2.049670500
46 76 3 776561 2.049677559
1 78 3 67723 2.049681088
11 13 3 63544 2.049685414
75 81 3 7936 2.049691188
48 74 3 25089158 2.049700148
51 43 3 1180 2.049700868
8 37 3 1631476 2.049710135
41 38 3 27374 2.049711919
42 77 3 757918 2.049715142
86 85 3 56170 2.049719527
75 81 3 34529 2.049723463
10 11 3 5156232 2.049725343
80 75 3 45018 2.049726377
87 75 3 1703449 2.049731759
81 80 3 344862 2.049733011
3 38 3 9657546 2.049733849
0 3 3 5016 2.049742529
79 80 3 20874 2.049749184
80 85 3 60921 2.049757174
44 12 3 41507 2.049765797
15 52 3 414 2.049768458
44 86 3 9101 2.049777260
74 78 3 2809187 2.049779086
87 76 3 67347 2.049781948
7 83 3 3052 2.049782423
75 87 3 1929457 2.049783085
76 87 3 89 2.049787818
75 81 3 708084 2.049791734
11 10 3 6953 2.049799003
8 45 3 49769 2.049799258
10 4 3 4825475 2.049805568
9 78 3 9022156 2.049810460
47 37 3 8355 2.049814822
83 77 3 394607 2.049817091
79 76 3 1791 2.049817365
49 41 3 2457443 2.049821300
0 13 3 4678 2.049821826
44 12 3 60180 2.049841041
78 43 3 1694950 2.049841383
44 49 3 6115 2.049846511
82 76 3 27041 2.049855175
6 0 3 48029 2.049864462
85 77 3 22864 2.049871180
41 49 3 441 2.049880873
39 82 3 1049034 2.049888485
47 46 3 63968 2.049900350
51 42 3 76163 2.049904778
75 80 3 26203 2.049914975
42 7 3 5318 2.049936228
2 6 3 20646 2.049940873
43 49 3 55920 2.049970889
43 47 3 33089 2.049984241
10 4 3 147479 2.049988692
13 40 3 22229 2.049989598
45 84 3 1517529 2.049991792
